"SKU";"stock"
"2401770330683";"557"
"2401770330690";"640"
"2401770330928";"459"
"2401770330959";"636"
"2401770331215";"584"
"2401770331222";"852"
"2401770331444";"400"
"2401770331482";"851"
"4054703000146";"50"
"4054703000184";"42"
"4054703000191";"48"
"4054703000221";"43"
"4054703000528";"10"
"4054703000542";"20"
"4054703000559";"20"
"4054703000566";"20"
"4054703000580";"20"
"4054703000597";"20"
"4054703000627";"20"
"4054703000634";"20"
"4054703000726";"50"
"4054703000733";"50"
"4054703000740";"50"
"4054703000757";"50"
"4054703000801";"20"
"4054703000818";"20"
"4054703000863";"0"
"4054703000870";"31"
"4054703000894";"11"
"4054703000900";"26"
"4054703000917";"33"
"4054703000931";"0"
"4054703000993";"26"
"4054703001013";"0"
"4054703001037";"0"
"4054703001051";"19"
"4054703001068";"20"
"4054703001075";"16"
"4054703001082";"46"
"4054703001099";"20"
"4054703001136";"26"
"4054703001150";"1"
"4054703001228";"20"
"4054703001235";"20"
"4054703002720";"37"
"4054703002737";"43"
"4054703002751";"45"
"4054703002768";"0"
"4054703002775";"39"
"4054703002799";"40"
"4054703002874";"20"
"4054703002898";"18"
"4054703002911";"20"
"4054703002935";"30"
"4054703002959";"20"
"4054703002973";"13"
"4054703003055";"26"
"4054703004090";"20"
"4054703004267";"0"
"4054703004298";"0"
"4054703004311";"17"
"4054703004335";"23"
"4054703004359";"50"
"4054703004373";"47"
"4054703004502";"0"
"4054703004519";"0"
"4054703004526";"0"
"4054703004557";"17"
"4054703004571";"20"
"4054703004588";"8"
"4054703004595";"20"
"4054703004601";"20"
"4054703004618";"20"
"4054703004625";"25"
"4054703004649";"47"
"4054703004724";"2"
"4054703004731";"20"
"4054703004748";"4"
"4054703004755";"0"
"4054703004762";"11"
"4054703004779";"20"
"4054703004786";"11"
"4054703004793";"10"
"4054703004854";"20"
"4054703004892";"20"
"4054703004908";"20"
"4054703004915";"17"
"4054703004922";"0"
"4054703004946";"20"
"4054703004953";"20"
"4054703004960";"20"
"4054703004977";"0"
"4054703005028";"20"
"4054703005035";"7"
"4054703005042";"0"
"4054703005059";"0"
"4054703005073";"0"
"4054703005080";"0"
"4054703005097";"0"
"4054703005127";"17"
"4054703005134";"20"
"4054703005165";"20"
"4054703005172";"20"
"4054703005189";"20"
"4054703005196";"20"
"4054703005202";"50"
"4054703005233";"50"
"4054703005240";"50"
"4054703005271";"50"
"4054703005288";"50"
"4054703005318";"50"
"4054703005684";"0"
"4054703005776";"20"
"4054703005783";"20"
"4054703005790";"0"
"4054703005806";"0"
"4054703005820";"0"
"4054703005899";"0"
"4054703005912";"20"
"4054703005929";"20"
"4054703005936";"0"
"4054703006100";"0"
"4054703006117";"0"
"4054703006124";"0"
"4054703006148";"0"
"4054703006162";"0"
"4054703006186";"0"
"4054703006223";"0"
"4054703006230";"20"
"4054703006247";"20"
"4054703006261";"20"
"4054703006278";"20"
"4054703006285";"20"
"4054703006292";"20"
"4054703006308";"20"
"4054703006315";"20"
"4054703006353";"0"
"4054703006377";"0"
"4054703006391";"0"
"4054703006414";"20"
"4054703006421";"20"
"4054703006544";"0"
"4054703006575";"28"
"4054703006582";"0"
"4054703006612";"18"
"4054703006667";"31"
"4054703006674";"30"
"4054703006698";"28"
"4054703006704";"21"
"4054703006773";"20"
"4054703006780";"20"
"4054703006797";"20"
"4054703006834";"20"
"4054703006841";"20"
"4054703006858";"20"
"4054703007275";"0"
"4054703007305";"0"
"4054703007312";"0"
"4054703007381";"0"
"4054703007411";"0"
"4054703007442";"0"
"4054703007459";"0"
"4054703007466";"0"
"4054703007497";"0"
"4054703007527";"0"
"4054703007534";"0"
"4054703007541";"0"
"4054703007572";"0"
"4054703007589";"0"
"4054703007596";"0"
"4054703007602";"0"
"4054703007619";"0"
"4054703007626";"0"
"4054703007893";"0"
"4054703007909";"0"
"4054703007992";"0"
"4054703008005";"0"
"4054703032277";"16"
"4054703062410";"6"
"4054703065305";"20"
"4054703065336";"0"
"4054703066333";"0"
"4054703106206";"4"
"4054703106213";"14"
"4054703106275";"20"
"4054703107005";"0"
"4054703107012";"0"
"4054703107104";"0"
"4054703107111";"0"
"4054703107173";"0"
"4054703110562";"22"
"4054703112313";"9"
"4054703112498";"20"
"4054703120561";"0"
"4054703125313";"0"
"4054703125412";"8"
"4054703125610";"20"
"4054703149319";"20"
"4054703149326";"0"
"4054703149418";"20"
"4054703149425";"0"
"4054703149432";"0"
"4054703152036";"20"
"4054703152043";"20"
"4054703152067";"20"
"4054703152227";"20"
"4054703152425";"20"
"4054703152432";"20"
"4054703164015";"20"
"4054703164411";"7"
"4054703165333";"0"
"4054703166217";"23"
"4054703166224";"0"
"4054703177114";"0"
"4054703177213";"0"
"4054703183160";"33"
"4054703183184";"7"
"4054703183498";"0"
"4054703183870";"16"
"4054703183887";"0"
"4054703184051";"44"
"4054703184181";"29"
"4054703184464";"50"
"4054703184655";"50"
"4054703187465";"12"
"4054703187496";"9"
"4054703188424";"5"
"4054703188431";"10"
"4054703188998";"16"
"4054703189506";"20"
"4054703201611";"19"
"4054703201628";"12"
"4054703218114";"20"
"4054703218336";"7"
"4054703218718";"3"
"4054703218817";"50"
"4054703220537";"18"
"4054703220544";"20"
"4054703220568";"18"
"4054703226058";"4"
"4054703226423";"16"
"4054703226430";"5"
"4054703227185";"21"
"4054703228335";"0"
"4054703228496";"0"
"4054703234107";"0"
"4054703234152";"0"
"4054703234169";"0"
"4054703235319";"50"
"4054703235418";"0"
"4054703235616";"50"
"4054703236347";"48"
"4054703236354";"22"
"4054703236446";"11"
"4054703236453";"39"
"4054703237313";"0"
"4054703237320";"0"
"4054703237337";"20"
"4054703237412";"15"
"4054703237429";"29"
"4054703237436";"31"
"4054703241211";"20"
"4054703241228";"20"
"4054703241532";"20"
"4054703241631";"20"
"4054703242065";"20"
"4054703246315";"29"
"4054703246322";"0"
"4054703246377";"6"
"4054703246414";"0"
"4054703246421";"50"
"4054703246476";"50"
"4054703246612";"50"
"4054703246674";"32"
"4054703247343";"7"
"4054703247350";"29"
"4054703247442";"21"
"4054703247459";"45"
"4054703247640";"15"
"4054703247657";"50"
"4054703260328";"20"
"4054703260335";"20"
"4054703260625";"20"
"4054703260762";"20"
"4054703263336";"20"
"4054703266214";"32"
"4054703277012";"3"
"4054703277111";"22"
"4054703277210";"12"
"4054703285307";"17"
"4054703300017";"20"
"4054703300024";"20"
"4054703300048";"20"
"4054703301199";"20"
"4054703301939";"0"
"4054703310689";"0"
"4054703330502";"40"
"4054703330526";"26"
"4054703330793";"31"
"4054703330892";"34"
"4054703346015";"0"
"4054703350791";"13"
"4054703350890";"0"
"4054703366211";"0"
"4054703366235";"0"
"4054703401363";"0"
"4054703401813";"0"
"4054703426212";"11"
"4054703451689";"20"
"4054703451740";"0"
"4054703452686";"20"
"4054703452761";"0"
"4054703460063";"36"
"4054703460162";"1"
"4054703460360";"31"
"4054703461367";"0"
"4054703477115";"6"
"4054703477214";"0"
"4054703488616";"16"
"4054703488654";"19"
"4054703489651";"0"
"4054703489712";"10"
"4054703492019";"20"
"4054703492064";"20"
"4054703492811";"0"
"4054703501568";"0"
"4054703501681";"1"
"4054703502305";"0"
"4054703502329";"0"
"4054703507027";"0"
"4054703507300";"20"
"4054703507324";"17"
"4054703508628";"30"
"4054703509625";"24"
"4054703510683";"0"
"4054703511680";"0"
"4054703512687";"1"
"4054703514124";"0"
"4054703514131";"20"
"4054703520927";"18"
"4054703520934";"20"
"4054703523027";"20"
"4054703523034";"20"
"4054703523621";"6"
"4054703526202";"8"
"4054703529043";"20"
"4054703529067";"12"
"4054703533019";"0"
"4054703533026";"5"
"4054703562811";"20"
"4054703563368";"0"
"4054703564907";"20"
"4054703590760";"16"
"4054703591019";"0"
"4054703591057";"13"
"4054703591811";"7"
"4054703592610";"5"
"4054703592627";"46"
"4054703592634";"43"
"4054703592641";"13"
"4054703592665";"0"
"4054703592672";"20"
"4054703593013";"0"
"4054703593815";"0"
"4054703600810";"0"
"4054703607628";"0"
"4054703620542";"20"
"4054703620559";"20"
"4054703625219";"0"
"4054703629217";"0"
"4054703630688";"0"
"4054703633009";"20"
"4054703633016";"3"
"4054703633900";"20"
"4054703640687";"0"
"4054703642001";"20"
"4054703642018";"20"
"4054703642056";"12"
"4054703642063";"20"
"4054703677119";"20"
"4054703677218";"2"
"4054703726206";"20"
"4054703734737";"50"
"4054703736731";"50"
"4054703744569";"5"
"4054703744682";"35"
"4054703746563";"38"
"4054703746686";"43"
"4054703802146";"34"
"4054703802160";"46"
"4054703803310";"12"
"4054703803334";"0"
"4054703803341";"50"
"4054703803358";"50"
"4054703806243";"42"
"4054703806250";"4"
"4054703806267";"0"
"4054703807042";"50"
"4054703807059";"50"
"4054703807066";"0"
"4054703807264";"0"
"4054703825305";"34"
"4054703842036";"25"
"4054703853346";"0"
"4054703853353";"25"
"4054703903300";"0"
"4054703906202";"0"
"4054703907001";"0"
"4054703925012";"7"
"4054703925029";"44"
"4054703925036";"47"
"4054703925173";"20"
"4054703925944";"0"
"4054703930764";"0"
"4054703950038";"8"
"4054703961911";"5"
"4054703968323";"0"
"4054703968330";"20"
"4054703991918";"0"
"4054703991925";"15"
"5715239010892";"0"
"5715239010922";"0"
"5715239010946";"20"
"5715239010991";"0"
"5715239011066";"20"
"5715239011127";"0"
"5715239011134";"15"
"5715239011141";"20"
"5715239011158";"20"
"5715239011165";"20"
"5715239011172";"0"
"5715239011189";"9"
"5715239011196";"20"
"5715239011202";"0"
"5715239011219";"0"
"5715239011226";"0"
"5715239011233";"20"
"5715239011240";"20"
"5715239011271";"0"
"5715239011301";"0"
"5715239011325";"0"
"5715239011370";"20"
"5715239011448";"0"
"5715239011509";"20"
"5715239011516";"20"
"5715239011523";"20"
"5715239011530";"0"
"5715239011547";"20"
"5715239011554";"0"
"5715239011561";"20"
"5715239011578";"20"
"5715239011585";"0"
"5715239011592";"20"
"5715239011608";"0"
"5715239011615";"0"
"5715239011622";"20"
"5715239011677";"20"
"5715239011714";"20"
"5715239011721";"20"
"5715239011738";"20"
"5715239011745";"0"
"5715239011790";"20"
"5715239011837";"20"
"5715239011844";"20"
"5715239011851";"20"
"5715239011868";"20"
"5715239011943";"20"
"5715239011950";"0"
"5715239011967";"20"
"5715239011974";"20"
"5715239011981";"20"
"5715239012063";"20"
"5715239012070";"20"
"5715239012087";"0"
"5715239012094";"2"
"5715239012100";"20"
"5715239018515";"20"
"5715239018522";"20"
"5715239018539";"16"
"5715239018546";"20"
"5715239018553";"0"
"5715239018560";"11"
"5715239018577";"20"
"5715239018584";"20"
"5715239018591";"20"
"5715239018607";"16"
"5715239018614";"2"
"5715239018621";"20"
"5715239018638";"0"
"5715239018645";"0"
"5715239018652";"20"
"5715239018669";"20"
"5715239018676";"20"
"5715239018683";"0"
"5715239018690";"0"
"5715239018706";"0"
"5715239018713";"0"
"5715239018720";"0"
"5715239018737";"0"
"5715239018744";"0"
"5715239018751";"0"
"5715239018768";"0"
"5715239018775";"0"
"5715239018782";"0"
"5715239018799";"0"
"5715239018805";"0"
"5715239018812";"3"
"5715239018829";"0"
"5715239018836";"0"
"5715239018843";"0"
"5715239018850";"0"
"5715239018867";"20"
"5715239019635";"0"
"5715239019642";"20"
"5715239019659";"0"
"5715239019666";"0"
"5715239019673";"20"
"5715239019680";"20"
"5715239019697";"20"
"5715239019703";"0"
"5715239019710";"20"
"5715239019727";"0"
"5715239019734";"6"
"5715239019741";"0"
"5715239019758";"0"
"5715239019765";"20"
"5715239019772";"0"
"5715239019789";"20"
"5715239019796";"0"
"5715239019802";"0"
"5715239019819";"0"
"5715239019826";"0"
"5715239019833";"20"
"5715239019840";"20"
"5715239019857";"6"
"5715239019864";"20"
"5715239019871";"20"
"5715239019888";"0"
"5715239019895";"0"
"5715239019901";"0"
"5715239019918";"20"
"5715239019925";"20"
"5715239019932";"0"
"5715239019949";"0"
"5715239022000";"20"
"5715239022017";"20"
"5715239022024";"20"
"5715239022031";"7"
"5715239022123";"20"
"5715239022130";"20"
"5715239022147";"20"
"5715239022154";"0"
"5715239022161";"20"
"5715239022178";"20"
"5715239022185";"20"
"5715239022192";"20"
"5715239022208";"20"
"5715239022215";"20"
"5715239022222";"20"
"5715239022239";"20"
"5715239022246";"20"
"5715239022253";"0"
"5715239022260";"20"
"5715239022277";"20"
"5715239022284";"20"
"5715239022291";"20"
"5715239022307";"20"
"5715239022314";"20"
"5715239022321";"20"
"5715239022338";"10"
"5715239022345";"20"
"5715239022352";"20"
"5715239022369";"20"
"5715239022376";"20"
"5715239022383";"20"
"5715239022390";"20"
"5715239022406";"20"
"5715239022413";"20"
"5715239022420";"9"
"5715239022437";"0"
"5715239022444";"20"
"5715239022451";"20"
"5715239022468";"20"
"5715239022475";"20"
"5715239023861";"2"
"5715239023878";"0"
"5715239024042";"0"
"5715239024059";"15"
"5715239024875";"9"
"5715239024882";"0"
"5715239025285";"0"
"5715239025292";"16"
"5715239025308";"0"
"5715239025315";"0"
"5715239025643";"20"
"5715239025650";"20"
"5715239025667";"20"
"5715239025674";"20"
"5715239025681";"20"
"5715239025698";"20"
"5715239025704";"20"
"5715239025711";"20"
"5715239025803";"20"
"5715239025810";"20"
"5715239026244";"0"
"5715239026251";"4"
"5715239026268";"20"
"5715239026275";"9"
"5715239026282";"20"
"5715239026299";"0"
"5715239026305";"20"
"5715239026312";"0"
"5715239026329";"20"
"5715239026336";"20"
"5715239026343";"20"
"5715239026350";"0"
"5715239026367";"20"
"5715239026374";"20"
"5715239026381";"20"
"5715239026398";"20"
"5715239026565";"3"
"5715239026572";"20"
"5715239026602";"20"
"5715239026619";"20"
"5715239026640";"2"
"5715239026657";"20"
"5715239026688";"20"
"5715239026695";"20"
"5715239026725";"20"
"5715239026732";"20"
"5715239026763";"0"
"5715239026770";"20"
"5715239026800";"20"
"5715239026817";"20"
"5715239026848";"20"
"5715239026855";"20"
"5715239029399";"0"
"5715239029405";"0"
"5715239029436";"0"
"5715239029443";"0"
"5715239029474";"0"
"5715239029481";"0"
"5715239029559";"0"
"5715239029566";"3"
"5715239029597";"20"
"5715239029603";"20"
"5715239029634";"20"
"5715239029641";"20"
"5715239029672";"20"
"5715239029689";"20"
"5715239029719";"0"
"5715239029726";"20"
"5715239029818";"0"
"5715239030005";"0"
"5715239030012";"20"
"5715239030043";"4"
"5715239030050";"20"
"5715239030227";"20"
"5715239030234";"20"
"5715239030241";"20"
"5715239030258";"20"
"5715239030265";"20"
"5715239030272";"20"
"5715239030289";"20"
"5715239030296";"20"
"5715239214016";"0"
"5715239214177";"0"
"5715239214832";"0"
"5715239214856";"20"
"5715239214863";"20"
"5715239215167";"20"
"5715239215174";"0"
"5715239215181";"0"
"5715239215198";"0"
"5715239215204";"0"
"5715239215211";"0"
"5715239215228";"0"
"5715239215235";"0"
"5715239215242";"0"
"5715239215259";"0"
"5715239215266";"0"
"5715239215372";"0"
"5715239215389";"0"
"5715239224015";"0"
"5715239224176";"0"
"5715239224831";"20"
"5715239224855";"20"
"5715239224862";"6"
"5715239225166";"20"
"5715239225173";"0"
"5715239225180";"0"
"5715239225197";"0"
"5715239225203";"0"
"5715239225210";"0"
"5715239225227";"0"
"5715239225234";"0"
"5715239225241";"0"
"5715239225258";"0"
"5715239225265";"0"
"5715239225371";"0"
"5715239225388";"0"
"5715239513850";"20"
"5715239514215";"20"
"5715239514956";"2"
"5715239515311";"0"
"5715239515342";"0"
"5715239515359";"20"
"5715239515366";"6"
"5715239523859";"20"
"5715239524214";"20"
"5715239524955";"20"
"5715239525310";"0"
"5715239525341";"0"
"5715239525358";"20"
"5715239525365";"0"
"5715239613857";"0"
"5715239614212";"0"
"5715239615004";"20"
"5715239615011";"20"
"5715239615288";"0"
"5715239615295";"0"
"5715239615301";"20"
"5715239615318";"0"
"5715239615325";"0"
"5715239623856";"0"
"5715239624211";"5"
"5715239625003";"20"
"5715239625010";"20"
"5715239625287";"0"
"5715239625294";"0"
"5715239625300";"20"
"5715239625317";"0"
"5715239625324";"20"
"602835182359";"50"
"602835182366";"50"
"602835182410";"0"
"647168300889";"0"
"647168300896";"0"
"647168301138";"50"
"647168301411";"0"
"647168301428";"0"
"647168301442";"50"
"647168301626";"50"
"647168301640";"0"
"647168301732";"0"
"742699778394";"20"
"7426999778295";"0"
"7426999778301";"20"
"7426999778318";"20"
"7426999778325";"3"
"7426999778332";"20"
"7426999778349";"0"
"7426999778356";"20"
"7426999778363";"0"
"7426999778370";"15"
"7426999778387";"0"
"7426999778417";"10"
"7426999778424";"0"
"7426999778431";"8"
"7426999778448";"1"
"7426999778462";"0"
"7426999778479";"0"
"7426999778486";"0"
"7426999778493";"0"
"7426999778509";"0"
"7426999778516";"0"
"7426999778523";"0"
"7426999778530";"0"
"7426999778547";"0"
"7426999779117";"15"
"7426999779124";"0"
"7426999779131";"0"
"7426999779179";"1"
"7426999779186";"0"
"7426999779193";"0"
"7426999779209";"20"
"7426999779216";"0"
"7426999779223";"6"
"7426999779230";"0"
"7426999779247";"0"
"7426999779254";"7"
"7426999779261";"0"
"7426999779278";"1"
"7426999779285";"0"
"7426999779292";"0"
"7426999779346";"20"
"7426999779377";"0"
"7426999779384";"0"
"7426999779391";"0"
"7426999779414";"0"
"7426999779421";"0"
"7426999779438";"0"
"7426999779445";"0"
"7426999779452";"20"
"7426999779469";"0"
"7426999779476";"0"
"7426999779483";"17"
"7426999779490";"20"
"7426999779506";"20"
"7426999779513";"0"
"7426999779520";"0"
"7426999779896";"11"
"7426999780564";"0"
"7426999780571";"20"
"7426999780588";"20"
"7426999780595";"20"
"7426999780601";"1"
"7426999780618";"20"
"7426999780625";"9"
"7426999780632";"20"
"7426999780649";"20"
"7426999780656";"20"
"7426999780663";"20"
"7426999780670";"20"
"7426999780687";"2"
"762765367582";"0"
"762765367599";"25"
"762765367636";"0"
"762765367827";"0"
"762765367834";"0"
"762765367841";"0"
"762765367858";"0"
"762765368107";"0"
"762765368282";"0"
"762765368350";"0"
"762765368367";"0"
"799787260652";"17"
"799787260829";"0"
"799787260843";"0"
"810052460000";"14"
"810052460017";"20"
"810052460024";"20"
"810052460031";"0"
"810052460048";"20"
"810052460055";"0"
"810052460086";"0"
"810052460093";"20"
"810052460109";"0"
"810052460116";"1"
"810052460123";"20"
"810052460130";"7"
"810052460147";"0"
"810052460154";"0"
"810052460161";"10"
"810052460178";"19"
"810052460185";"2"
"810052460192";"20"
"810052460208";"20"
"810052460253";"0"
"810052460260";"0"
"810052460277";"0"
"810052460284";"19"
"810052460291";"9"
"810052460307";"2"
"810052460314";"0"
"810052460321";"0"
"810052460338";"0"
"810052460345";"0"
"810052460352";"12"
"810052460369";"20"
"810052460376";"20"
"810052460383";"20"
"810052460420";"20"
"810052460437";"0"
"810052460444";"10"
"810052460451";"0"
"810052460468";"0"
"810052460475";"0"
"810052460482";"0"
"810052460499";"0"
"810052460505";"0"
"810052460512";"0"
"810052460529";"0"
"810052460536";"0"
"810052460574";"0"
"810052460581";"0"
"810052460598";"0"
"810052460659";"0"
"810052460666";"0"
"810052460673";"15"
"810052460680";"0"
"810052460697";"0"
"810052460703";"0"
"810052460710";"0"
"810052460727";"0"
"810052460734";"20"
"810052460741";"0"
"810052460758";"20"
"810052460765";"0"
"810052460772";"20"
"810052460789";"15"
"810052460796";"20"
"810052460802";"20"
"810052460819";"20"
"810052460826";"20"
"810052460833";"20"
"810052460840";"20"
"810052460857";"10"
"810052460864";"20"
"810052460871";"0"
"810052460888";"20"
"810052460895";"20"
"810052460901";"20"
"810052460918";"20"
"810052460925";"20"
"810052460932";"20"
"810052460949";"20"
"810052460956";"13"
"810052461007";"0"
"810052461014";"20"
"810052461021";"2"
"810052461038";"20"
"810052461045";"0"
"810052461052";"0"
"810052461076";"0"
"810052461083";"20"
"810052461090";"0"
"810052461106";"2"
"810052461113";"20"
"810052461120";"0"
"810052461137";"0"
"810052461144";"0"
"810052461151";"0"
"810052461168";"12"
"810052461175";"20"
"810052461182";"0"
"810052461199";"20"
"810052461205";"0"
"810052461212";"17"
"810052461229";"20"
"810052461236";"0"
"810052461243";"18"
"810052461250";"20"
"810052461267";"2"
"810052461281";"18"
"810052461298";"20"
"810052461304";"20"
"810052461311";"0"
"810052461328";"0"
"810052461335";"0"
"810052461342";"0"
"810052461359";"0"
"810052461380";"20"
"810052461397";"0"
"810052461403";"0"
"810052461410";"0"
"810052461427";"20"
"810052461434";"11"
"810052461441";"0"
"810052461458";"20"
"810052461465";"20"
"810052461472";"20"
"810052461489";"20"
"810052461496";"12"
"810052461502";"12"
"810052461519";"20"
"810052461526";"20"
"810052461533";"0"
"810052461540";"0"
"810052461557";"0"
"810052461564";"0"
"810052461571";"20"
"810052461588";"20"
"810052461656";"0"
"810052461663";"0"
"810052461724";"0"
"810052461854";"20"
"810052461861";"17"
"810052461878";"11"
"810052461885";"9"
"810052461953";"0"
"810052461960";"0"
"810052461991";"20"
"810052462011";"20"
"810052462028";"20"
"810052462035";"20"
"810052462042";"20"
"810052462059";"20"
"810052462066";"20"
"810052462073";"0"
"810052462134";"22"
"810052462141";"16"
"810052462158";"0"
"810052462165";"0"
"810052462172";"0"
"810052462189";"17"
"810052462219";"22"
"810052462226";"0"
"810052462233";"20"
"810052462271";"0"
"810052462356";"20"
"810052462363";"0"
"810052462370";"34"
"810052464008";"0"
"810052464169";"3"
"810052464176";"8"
"810052464244";"20"
"810052464251";"0"
"810052464268";"0"
"810052464275";"0"
"810052464282";"0"
"810052464299";"18"
"810052464305";"0"
"810052464312";"20"
"810052464329";"0"
"810052464336";"0"
"810052464343";"20"
"810052464350";"4"
"810052464367";"20"
"810052464374";"20"
"810052464381";"14"
"810052464398";"20"
"810052464404";"0"
"810052464411";"0"
"810052464428";"17"
"810052464435";"0"
"810052464442";"0"
"810052464459";"0"
"810052464466";"0"
"810052464473";"0"
"810052464480";"0"
"810052464497";"0"
"810052464503";"0"
"810052464510";"0"
"810052464527";"0"
"810052464534";"20"
"810052464541";"20"
"810052464558";"20"
"810052464565";"20"
"810052464572";"17"
"810052464589";"0"
"810052464596";"20"
"810052464602";"0"
"810052464619";"20"
"810052464626";"20"
"810052464633";"18"
"810052464640";"20"
"810052464657";"20"
"810052464664";"0"
"810052464688";"20"
"810052464695";"0"
"810052464701";"0"
"810052464718";"0"
"810052464725";"0"
"810052464732";"0"
"810052464749";"0"
"810052464756";"0"
"810052464763";"0"
"810052464770";"0"
"810052465081";"12"
"810052465098";"1"
"810052465265";"6"
"810052465272";"20"
"810052465319";"20"
"810052465326";"0"
"810052465333";"20"
"810052465340";"0"
"810052465357";"20"
"810052465364";"20"
"810052465371";"0"
"810052465425";"0"
"810052465470";"0"
"810052465494";"0"
"810052465555";"20"
"810052465562";"20"
"810052465579";"20"
"810052465586";"18"
"810052465593";"20"
"810052465708";"20"
"810052465715";"20"
"810052465722";"20"
"810052465739";"10"
"810052465746";"20"
"810052465753";"20"
"810052465760";"0"
"810052465777";"0"
"810052465784";"0"
"810052465791";"20"
"810052465807";"20"
"810052465814";"20"
"810052465821";"20"
"810052465838";"20"
"810052465845";"20"
"810052465852";"20"
"810052465869";"20"
"810052466088";"20"
"810052466101";"0"
"810052466118";"0"
"810052466125";"0"
"810052466132";"20"
"810052466149";"0"
"810052466156";"8"
"810052466163";"2"
"810052466576";"20"
"810052467030";"1"
"810052467054";"20"
"810052467146";"0"
"810052467153";"33"
"810052467160";"12"
"810052467177";"26"
"810052467184";"37"
"810052467191";"32"
"810052467207";"11"
"810052467368";"20"
"810052467375";"14"
"810052467382";"0"
"810052467399";"20"
"810052467405";"0"
"810052467412";"20"
"810052467429";"0"
"810052467436";"1"
"810052467443";"0"
"810052467450";"0"
"810052467467";"0"
"810052467474";"0"
"810052467481";"0"
"810052467498";"0"
"810052467504";"0"
"810052467702";"0"
"810052467818";"0"
"810052468099";"0"
"810052468105";"0"
"810052468112";"0"
"810052468129";"0"
"810052468136";"0"
"810052468150";"0"
"810052468167";"20"
"810052468174";"0"
"810052468181";"20"
"810052468198";"0"
"810052468204";"0"
"810052468211";"0"
"810052468228";"20"
"810052468235";"0"
"810052468266";"0"
"810052468273";"0"
"810052468280";"0"
"810052468297";"0"
"810052468426";"0"
"810052468433";"20"
"810052468891";"20"
"810052468990";"0"
"810052469355";"0"
"810052469362";"0"
"810052469386";"0"
"810052469409";"0"
"810052469447";"0"
"810052469454";"0"
"810052469461";"0"
"810052469478";"0"
"810052469485";"10"
"810052469492";"0"
"810052469652";"5"
"810052469669";"20"
"810052469683";"0"
"810052469959";"20"
"810052469966";"20"
"810052469973";"0"
"810052469980";"20"
"810052469997";"20"
"810123508822";"32"
"810123508839";"0"
"810123508853";"0"
"810123508860";"0"
"810123508877";"0"
"810123508884";"1"
"810123508891";"47"
"810123508921";"0"
"810123508945";"0"
"810123508952";"0"
"810123508969";"0"
"810123509096";"0"
"810123509126";"0"
"810123509140";"0"
"810123509171";"0"
"810123509188";"0"
"810123509195";"0"
"810123509201";"0"
"810184051732";"0"
"810184055785";"0"
"810184055792";"0"
"810184056492";"0"
"810184056720";"0"
"810184058199";"12"
"840355800050";"0"
"840355800067";"20"
"840355800074";"0"
"840355800081";"0"
"840355800098";"0"
"840355800104";"0"
"840355800135";"0"
"840355800142";"20"
"840355800159";"4"
"840355800166";"20"
"840355800188";"0"
"840355800210";"20"
"840355800227";"0"
"840355800234";"18"
"840355800241";"50"
"840355800258";"0"
"840355800265";"0"
"840355800272";"0"
"840355800289";"0"
"840355800296";"9"
"840355800302";"0"
"840355800319";"0"
"840355800333";"0"
"840355800340";"0"
"840355800357";"20"
"840355800371";"0"
"840355800388";"0"
"840355800395";"0"
"840355800401";"0"
"840355800425";"0"
"840355800432";"20"
"840355800449";"20"
"840355800456";"14"
"840355800463";"20"
"840355800470";"20"
"840355800487";"0"
"840355800494";"20"
"840355800562";"20"
"840355800579";"20"
"840355800586";"14"
"840355800593";"20"
"840355800609";"20"
"840355800647";"20"
"840355800654";"22"
"840355800685";"0"
"840355800692";"20"
"840355800746";"0"
"840355800777";"0"
"840355800784";"20"
"840355800791";"4"
"840355800807";"0"
"840355800814";"0"
"840355800821";"0"
"840355800838";"12"
"840355800845";"20"
"840355800852";"14"
"840355800869";"20"
"840355800876";"0"
"840355800883";"5"
"840355800920";"0"
"840355800937";"0"
"840355800944";"20"
"840355800951";"12"
"840355800982";"0"
"840355800999";"0"
"840355801033";"0"
"840355801040";"0"
"840355801057";"0"
"840355801064";"0"
"840355801071";"0"
"840355801088";"5"
"840355801095";"0"
"840355801101";"0"
"840355801118";"0"
"840355801125";"0"
"840355801132";"0"
"840355801149";"0"
"840355801170";"0"
"840355801187";"0"
"840355801194";"0"
"840355801200";"0"
"840355801217";"20"
"840355801224";"20"
"840355801231";"20"
"840355801248";"20"
"840355801255";"20"
"840355801262";"20"
"840355801293";"0"
"840355801354";"0"
"840355801422";"0"
"840355801446";"20"
"840355801453";"10"
"840355801460";"0"
"840355801484";"0"
"840355801491";"0"
"840355801507";"0"
"840355801514";"7"
"840355801521";"20"
"840355801538";"0"
"840355801712";"0"
"840355801835";"0"
"840355801859";"0"
"840355801866";"0"
"840355801873";"0"
"840355801897";"0"
"840355801903";"0"
"840355801927";"0"
"840355801934";"20"
"840355801941";"0"
"840355801958";"0"
"840355801965";"0"
"840355802030";"20"
"840355802054";"20"
"840355802061";"3"
"840355802191";"0"
"840355802207";"25"
"840355802214";"27"
"840355802252";"26"
"840355802269";"18"
"840355802276";"32"
"840355802504";"0"
"840355802573";"0"
"840355802580";"0"
"840355802689";"20"
"840355802696";"0"
"840355802719";"0"
"840355802726";"20"
"840355802771";"32"
"840355802863";"0"
"840355803006";"0"
"840355803495";"0"
"840355804164";"0"
"840506400047";"0"
"840506400061";"0"
"840506401334";"0"
"840506402072";"0"
"840506402553";"0"
"840506403062";"0"
"840506404021";"20"
"840506404083";"0"
"840506404106";"50"
"840506404113";"29"
"840506405813";"3"
"840506406032";"50"
"840506409743";"12"
"840506409750";"0"
"840506409767";"0"
"840506409774";"0"
"840506412187";"0"
"840506414310";"25"
"840506414327";"38"
"840506414334";"44"
"8432377017282";"20"
"8432377017305";"10"
"8432377017329";"20"
"8432377017343";"5"
"8432377017350";"0"
"8432377017374";"20"
"8432377017626";"20"
"8432377017633";"0"
"8432377017640";"0"
"8432377017657";"0"
"8432377017664";"0"
"8432377017671";"6"
"8432377017688";"20"
"8432377017695";"20"
"8432377017701";"0"
"8432377017718";"0"
"8432377017725";"0"
"8432377017732";"0"
"8432377017794";"0"
"8432377017800";"5"
"8432377017817";"6"
"8432377017824";"0"
"8432377017831";"0"
"8432377017930";"2"
"8432377022668";"0"
"8432377022675";"0"
"8432377022682";"12"
"8432377022712";"0"
"8432377022729";"0"
"8432377022736";"14"
"8432377022743";"0"
"8432377022750";"20"
"8432377022774";"0"
"8432377022781";"7"
"8432377022798";"20"
"8432377022804";"0"
"8432377022811";"0"
"8432377022828";"0"
"8432377022989";"0"
"8432377023597";"0"
"8432377023641";"15"
"8432377023658";"20"
"8432377030281";"20"
"8432377030304";"0"
"8432377030311";"0"
"8432377030335";"0"
"8432377030359";"14"
"8432377041294";"0"
"8432377041317";"20"
"8432377041324";"19"
"8432377044677";"20"
"8432377047999";"0"
"8432377049016";"20"
"8432377049023";"1"
"8432377049030";"20"
"8432377049290";"20"
"8432377049306";"20"
"8432377049313";"0"
"8432377058841";"0"
"8432377058858";"0"
"8432377061148";"50"
"8432377061155";"20"
"8432377063029";"0"
"8432377063104";"1"
"8432377063913";"20"
"8432377063920";"20"
"8432377063937";"0"
"8432377063944";"20"
"8432377090735";"0"
"8432377090742";"0"
"8432377095778";"20"
"8432377097482";"2"
"8432377097680";"7"
"8432377107341";"0"
"8432377107365";"0"
"8432377107372";"0"
"8432377117432";"0"
"8432377117449";"20"
"8432377117456";"20"
"8432377117463";"20"
"8432377119757";"20"
"8432377119764";"20"
"8432377119771";"0"
"8432377119788";"20"
"8432377119795";"20"
"8432377119801";"0"
"8432377119818";"20"
"8432377119825";"10"
"8432377128483";"20"
"8432377128490";"20"
"8432377128506";"20"
"8432377128544";"20"
"8432377128551";"14"
"8432377128568";"20"
"8432377128582";"20"
"8432377128599";"20"
"8432377128605";"3"
"8432377128612";"18"
"8432377128629";"20"
"8432377128643";"0"
"8432377128650";"0"
"8432377128667";"2"
"8432377128674";"4"
"8432377128704";"20"
"8432377128711";"7"
"8432377128728";"0"
"8432377128735";"16"
"8432377128827";"9"
"8432377128841";"11"
"8432377128858";"0"
"8432377128865";"20"
"8432377128872";"0"
"8432377128889";"20"
"8432377128896";"17"
"8432377128902";"20"
"8432377128919";"9"
"8432377128926";"20"
"8432377128933";"20"
"8432377128940";"20"
"8432377128957";"20"
"8432377128964";"20"
"8432377128971";"20"
"8432377128988";"20"
"8432377128995";"20"
"8432377135207";"20"
"8432377138277";"10"
"8432377143295";"16"
"8432377143301";"3"
"8432377143318";"0"
"8432377143349";"0"
"8432377143370";"0"
"8432377143387";"0"
"8432377143394";"0"
"8432377143417";"20"
"8432377143424";"20"
"8432377143431";"15"
"8432377143448";"0"
"8432377151566";"4"
"8432377151573";"0"
"8432377151580";"0"
"8432377151603";"0"
"8432377151610";"0"
"8432377151627";"0"
"8432377151641";"3"
"8432377151658";"0"
"8432377151665";"10"
"8432377151689";"7"
"8432377151696";"11"
"8432377151702";"0"
"8432377159609";"13"
"8432377159616";"20"
"8432377159623";"0"
"8432377164887";"0"
"8432377164931";"0"
"8432377164948";"0"
"8432377164955";"0"
"8432377164962";"0"
"8432377167789";"0"
"8432377167796";"0"
"8432377168366";"4"
"8432377168373";"0"
"8432377168380";"0"
"8432377168397";"0"
"8432377174060";"20"
"8432377174084";"20"
"8432377174107";"20"
"8432377174114";"19"
"8432377174121";"20"
"8432377174138";"20"
"8432377174145";"20"
"8432377180979";"9"
"8432377180986";"20"
"8432377180993";"20"
"8432377181006";"20"
"8432377181013";"20"
"8432377181020";"20"
"8432377181037";"6"
"8432377181044";"20"
"8432377181051";"20"
"8432377181068";"20"
"8432377186766";"20"
"8432377186797";"0"
"8432377186803";"20"
"8432377186810";"1"
"8432377186827";"4"
"8432377186834";"0"
"8432377186858";"19"
"8432377187787";"0"
"8432377187794";"0"
"8432377187800";"0"
"8432377187817";"0"
"8432377187824";"0"
"8432377187831";"0"
"8432377187848";"0"
"8432377187855";"0"
"8432377187862";"0"
"8432377187879";"0"
"8432377193481";"5"
"8432377193498";"4"
"8432377193504";"1"
"8432377231275";"20"
"8432377231282";"4"
"8432377231299";"0"
"8432377231305";"15"
"8432377231312";"0"
"8432377231381";"20"
"8432377231398";"20"
"8432377231404";"20"
"8432377231411";"20"
"8432377240222";"20"
"8432377240239";"20"
"8432377240246";"20"
"8432377240253";"20"
"8432377240260";"20"
"8432377255837";"0"
"8432377255868";"3"
"8432377280075";"20"
"8432377280082";"19"
"8432377300094";"0"
"8432377300100";"18"
"8432377300117";"10"
"8432377300124";"20"
"8432377300131";"6"
"8432377310611";"16"
"8432377314077";"0"
"8432377341387";"20"
"8432377341394";"20"
"8432377341400";"20"
"8432377345224";"50"
"8432377345231";"41"
"8432377345293";"20"
"8432377345309";"20"
"8432377345316";"3"
"8432377346832";"300"
"8432377346849";"300"
"8432377346856";"0"
"8432377346863";"300"
"8432377354233";"20"
"8432377354837";"20"
"8432377354851";"14"
"8432377357746";"0"
"8432377357753";"17"
"8432377357760";"20"
"8432377357791";"50"
"8432377357807";"25"
"8432377357814";"0"
"8432377357821";"0"
"8432377364348";"0"
"8432377364355";"0"
"8432377364362";"0"
"8432377368612";"42"
"8432377368629";"0"
"8432377373593";"0"
"8432377376433";"20"
"8432377376440";"20"
"8432377390804";"0"
"8432377390811";"0"
"8432377390828";"0"
"8432377390835";"20"
"8432377396134";"7"
"8432377396141";"0"
"8432377397247";"20"
"8432377402217";"0"
"8432377402231";"0"
"8432377402378";"3"
"8432377402699";"0"
"8432377406215";"20"
"8432377406246";"11"
"8432377406253";"20"
"8432377406260";"20"
"8432377409285";"20"
"8432377409599";"21"
"8432377409605";"26"
"8432377411714";"30"
"8432377414869";"10"
"8432377415149";"20"
"8432377415156";"20"
"8432377415163";"20"
"8432377415170";"3"
"8432377415187";"20"
"8432377415194";"4"
"8432377417020";"20"
"8432377419352";"20"
"8432377424943";"0"
"8432377424974";"1"
"8432377425001";"6"
"8432377425209";"0"
"8432377425353";"0"
"8432377425452";"11"
"8432377426336";"20"
"8432377427142";"20"
"8432377429184";"0"
"8432377429191";"0"
"8432377429207";"0"
"8432377429214";"0"
"8432377429221";"3"
"8432377429238";"5"
"8432377429252";"0"
"8432377429269";"7"
"8432377429283";"8"
"8432377429290";"7"
"8432377431910";"0"
"8432377432078";"1"
"8432377432085";"1"
"8432377432139";"13"
"8432377432146";"3"
"8432377436571";"50"
"8432377437318";"0"
"8432377441612";"0"
"8432377441766";"20"
"8432377441773";"0"
"8432377441780";"20"
"8432377441797";"18"
"8432377441803";"20"
"8432377441810";"3"
"8432377447287";"0"
"8432377447393";"3"
"8432377447423";"0"
"8432377450928";"5"
"8432377451482";"0"
"8432377451529";"2"
"8432377451543";"0"
"8432377451550";"1"
"8432377451604";"0"
"8432377451611";"12"
"8432377451628";"0"
"8432377451635";"20"
"8432377453059";"50"
"8432377454414";"0"
"8432377456708";"15"
"8432377457446";"6"
"8432377459310";"6"
"8432377459327";"4"
"8432377459341";"0"
"8432377459358";"0"
"8432377459372";"12"
"8432377459389";"16"
"8432377460033";"3"
"8432377460347";"4"
"8432377461276";"20"
"8432377461283";"20"
"8432377461290";"20"
"8432377461306";"156"
"8432377461634";"0"
"8432377461818";"1"
"8432377464772";"0"
"8432377464826";"0"
"8432377464888";"0"
"8432377465267";"4"
"8432377465380";"0"
"8432377465410";"0"
"8432377465717";"0"
"8432377465724";"2"
"8432377465762";"20"
"8432377465779";"19"
"8432377465786";"20"
"8432377465793";"0"
"8432377465809";"2"
"8432377465823";"0"
"8432377465830";"10"
"8432377465847";"4"
"8432377465854";"5"
"8432377465861";"7"
"8432377465878";"0"
"8432377465939";"1"
"8432377466080";"0"
"8432377466110";"0"
"8432377468190";"12"
"8432377468206";"0"
"8432377468213";"0"
"8432377468220";"0"
"8432377468237";"0"
"8432377468244";"3"
"8432377468251";"0"
"8432377468268";"5"
"8432377468282";"2"
"8432377468299";"0"
"8432377468305";"0"
"8432377468312";"4"
"8432377468343";"20"
"8432377469319";"4"
"8432377469678";"14"
"8432377469692";"23"
"8432377470056";"11"
"8432377470391";"2"
"8432377470414";"18"
"8432377471152";"7"
"8432377471299";"18"
"8432377471343";"0"
"8432377471350";"20"
"8432377471374";"50"
"8432377471381";"50"
"8432377471404";"31"
"8432377471411";"50"
"8432377471473";"4"
"8432377471558";"0"
"8432377473149";"12"
"8432377473156";"1"
"8432377473163";"0"
"8432377473347";"0"
"8432377473361";"0"
"8432377473460";"2"
"8432377473484";"0"
"8432377473491";"0"
"8432377473590";"1"
"8432377474108";"0"
"8432377474115";"9"
"8432377474122";"0"
"8432377474146";"0"
"8432377474153";"0"
"8432377474177";"0"
"8432377474184";"0"
"8432377474207";"7"
"8432377474214";"5"
"8432377474245";"0"
"8432377474344";"1"
"8432377474351";"0"
"8432377474368";"0"
"8432377474764";"0"
"8432377474771";"2"
"8432377474788";"14"
"8432377474795";"0"
"8432377474801";"2"
"8432377474818";"2"
"8432377474979";"10"
"8432377474986";"4"
"8432377474993";"9"
"8432377475006";"0"
"8432377475013";"20"
"8432377475037";"0"
"8432377475068";"2"
"8432377475099";"1"
"8432377475266";"0"
"8432377475297";"3"
"8432377475464";"18"
"8432377475471";"11"
"8432377475488";"0"
"8432377475495";"0"
"8432377481106";"12"
"8432377481113";"6"
"8432377481120";"0"
"8432377484510";"3"
"8432377484534";"15"
"8432377484831";"0"
"8432377484879";"0"
"8432377484954";"0"
"8432377484978";"0"
"8432377485029";"4"
"8432377486101";"7"
"8432377487658";"0"
"8432377487894";"3"
"8432377487900";"0"
"8432377487917";"0"
"8432377487924";"0"
"8432377487979";"0"
"8432377487986";"1"
"8432377488280";"0"
"8432377488631";"2"
"8432377488662";"0"
"8432377488952";"8"
"8432377488969";"0"
"8432377488990";"6"
"8432377489034";"3"
"8432377489928";"0"
"8432377489935";"0"
"8432377489942";"0"
"8432377490061";"0"
"8432377490139";"5"
"8432377490153";"1"
"8432377490313";"0"
"8432377490450";"0"
"8432377490467";"0"
"8432377490474";"0"
"8432377490481";"0"
"8432377490498";"10"
"8432377490627";"1"
"8432377491136";"2"
"8432377491778";"8"
"8432377491884";"1"
"8432377495912";"0"
"8432377496919";"0"
"8432377496926";"20"
"8432377496933";"16"
"8432377496940";"0"
"8432377496957";"1"
"8432377496964";"0"
"8432377496971";"0"
"8432377496988";"20"
"8432377496995";"20"
"8432377497008";"0"
"8432377497015";"0"
"8432377497022";"0"
"8432377497039";"0"
"8432377497046";"0"
"8432377497053";"0"
"8432377497060";"0"
"8432377497077";"0"
"8432377497084";"18"
"8432377497091";"0"
"8432377497107";"0"
"8432377497114";"0"
"8432377497121";"0"
"8432377497138";"0"
"8432377497145";"0"
"8432377497152";"0"
"8432377497169";"0"
"8432377497701";"5"
"8432377498753";"0"
"8432377498777";"5"
"8432377498807";"0"
"8432377498814";"0"
"8432377498883";"0"
"8432377499200";"0"
"8432377499217";"0"
"8432377499651";"2"
"8432377500067";"0"
"8432377500227";"7"
"8432377500296";"0"
"8432377500319";"0"
"8432377500401";"14"
"8432377500494";"0"
"8432377500579";"0"
"8432377500692";"6"
"8432377500739";"0"
"8432377500753";"1"
"8432377500760";"0"
"8432377500777";"12"
"8432377500852";"0"
"8432377500869";"0"
"8432377500883";"0"
"8432377501101";"0"
"8432377501217";"0"
"8432377501774";"4"
"8432377502238";"4"
"8432377502245";"0"
"8432377502276";"16"
"8432377502313";"9"
"8432377502351";"30"
"8432377502368";"0"
"8432377502825";"0"
"8432377502931";"0"
"8432377502948";"0"
"8432377503037";"0"
"8432377503051";"0"
"8432377503068";"0"
"8432377503075";"0"
"8432377503174";"0"
"8432377503181";"0"
"8432377503198";"0"
"8432377503204";"3"
"8432377503228";"0"
"8432377503259";"0"
"8432377503280";"0"
"8432377503297";"0"
"8432377503303";"0"
"8432377503310";"0"
"8432377503334";"20"
"8432377503341";"20"
"8432377503365";"20"
"8432377503372";"20"
"8432377503396";"20"
"8432377503402";"20"
"8432377503426";"20"
"8432377503433";"20"
"8432377503563";"5"
"8432377503570";"8"
"8432377503587";"6"
"8432377503594";"0"
"8432377503600";"1"
"8432377503617";"3"
"8432377503655";"0"
"8432377503662";"4"
"8432377503815";"4"
"8432377503853";"0"
"8432377503860";"0"
"8432377503907";"0"
"8432377503914";"0"
"8432377503952";"5"
"8432377503969";"0"
"8432377503976";"11"
"8432377503983";"4"
"8432377503990";"14"
"8432377504003";"4"
"8432377504010";"7"
"8432377504027";"0"
"8432377504034";"3"
"8432377504102";"8"
"8432377504126";"5"
"8432377504133";"0"
"8432377504140";"6"
"8432377504157";"0"
"8432377504225";"0"
"8432377504249";"0"
"8432377504263";"0"
"8432377504270";"0"
"8432377504287";"2"
"8432377504300";"9"
"8432377504317";"1"
"8432377504324";"0"
"8432377504331";"0"
"8432377504355";"4"
"8432377504362";"3"
"8432377504379";"2"
"8432377504386";"17"
"8432377504393";"7"
"8432377504409";"15"
"8432377504416";"0"
"8432377504423";"0"
"8432377504430";"0"
"8432377504447";"0"
"8432377504454";"0"
"8432377504461";"0"
"8432377504492";"0"
"8432377504522";"0"
"8432377504539";"4"
"8432377504553";"2"
"8432377504706";"0"
"8432377504775";"0"
"8432377504867";"0"
"8432377504935";"3"
"8432377505208";"0"
"8432377505222";"0"
"8432377505260";"0"
"8432377505291";"0"
"8432377505314";"0"
"8432377505352";"0"
"8432377505376";"0"
"8432377505383";"0"
"8432377505406";"0"
"8432377505413";"0"
"8432377505444";"0"
"8432377505451";"0"
"8432377505468";"0"
"8432377505475";"0"
"8432377505482";"0"
"8432377505499";"0"
"8432377505505";"0"
"8432377505512";"0"
"8432377505536";"0"
"8432377505574";"50"
"8432377505581";"20"
"8432377505598";"20"
"8432377505604";"20"
"8432377505611";"20"
"8432377505628";"20"
"8432377505635";"20"
"8432377505642";"20"
"8432377505659";"20"
"8432377505666";"20"
"8432377505673";"0"
"8432377505680";"0"
"8432377505697";"20"
"8432377505703";"20"
"8432377505710";"20"
"8432377505727";"0"
"8432377505734";"0"
"8432377505741";"0"
"8432377505758";"0"
"8432377505765";"13"
"8432377505772";"19"
"8432377505789";"20"
"8432377505796";"20"
"8432377505802";"20"
"8432377505819";"20"
"8432377505826";"20"
"8432377505833";"17"
"8432377505840";"15"
"8432377505857";"8"
"8432377505864";"8"
"8432377505871";"20"
"8432377505888";"15"
"8432377505895";"13"
"8432377505918";"0"
"8432377505963";"0"
"8432377505970";"20"
"8432377505987";"20"
"8432377505994";"20"
"8432377506007";"20"
"8432377506014";"20"
"8432377506021";"20"
"8432377506038";"20"
"8432377506045";"20"
"8432377506052";"20"
"8432377506069";"6"
"8432377506076";"0"
"8432377506106";"11"
"8432377506113";"16"
"8432377506465";"1"
"8432377506830";"0"
"8432377506878";"1"
"8432377506977";"0"
"8432377507219";"2"
"8432377507288";"15"
"8432377507820";"0"
"8432377510882";"0"
"8432377510899";"15"
"8432377512084";"21"
"8432377512107";"9"
"8432377512503";"11"
"8432377512527";"6"
"8432377512923";"16"
"8432377512947";"13"
"8432377513340";"13"
"8432377513364";"18"
"8432377514347";"12"
"8432377514392";"13"
"8432377514408";"0"
"8432377514446";"25"
"8432377514453";"12"
"8432377514521";"0"
"8432377514583";"0"
"8432377515351";"0"
"8432377515627";"3"
"8432377515672";"1"
"8432377515733";"0"
"8432377515771";"0"
"8432377516181";"1"
"8432377516198";"0"
"8432377516204";"1"
"8432377516242";"0"
"8432377516259";"0"
"8432377516372";"0"
"8432377516457";"16"
"8432377516464";"16"
"8432377516471";"16"
"8432377516488";"9"
"8432377516495";"5"
"8432377516501";"5"
"8432377516518";"13"
"8432377516525";"10"
"8432377516532";"0"
"8432377516549";"0"
"8432377516556";"7"
"8432377516563";"7"
"8432377516587";"1"
"8432377516631";"1"
"8432377516839";"15"
"8432377516846";"17"
"8432377516853";"15"
"8432377516860";"5"
"8432377516877";"7"
"8432377516884";"4"
"8432377516891";"1"
"8432377516907";"6"
"8432377516914";"3"
"8432377520676";"0"
"8432377520683";"2"
"8432377520690";"3"
"8432377520706";"2"
"8432377520744";"0"
"8432377520751";"1"
"8432377520768";"1"
"8432377520836";"12"
"8432377520843";"10"
"8432377520850";"1"
"8432377521116";"0"
"8432377521147";"21"
"8432377521154";"10"
"8432377521260";"0"
"8432377521277";"1"
"8432377521284";"1"
"8432377521291";"5"
"8432377521307";"1"
"8432377521314";"6"
"8432377521338";"24"
"8432377521345";"32"
"8432377521352";"23"
"8432377521369";"15"
"8432377521468";"0"
"8432377521499";"1"
"8432377523493";"0"
"8432377523509";"0"
"8432377523516";"0"
"8432377523523";"0"
"8432377523851";"6"
"8432377523875";"0"
"8432377523943";"0"
"8432377523998";"0"
"8432377524087";"2"
"8432377524223";"0"
"8432377524292";"35"
"8432377524308";"15"
"8432377524346";"0"
"8432377524421";"14"
"8432377524438";"0"
"8432377524445";"9"
"8432377524452";"33"
"8432377524469";"0"
"8432377524490";"0"
"8432377524506";"9"
"8432377524520";"18"
"8432377524537";"4"
"8432377524544";"10"
"8432377524551";"34"
"8432377524568";"50"
"8432377524575";"20"
"8432377524599";"14"
"8432377524605";"0"
"8432377524612";"0"
"8432377524629";"20"
"8432377524636";"11"
"8432377524643";"20"
"8432377524698";"0"
"8432377524704";"0"
"8432377524742";"0"
"8432377524827";"1"
"8432377524834";"0"
"8432377524841";"0"
"8432377524858";"0"
"8432377524865";"0"
"8432377524896";"0"
"8432377524902";"0"
"8432377524926";"0"
"8432377524933";"0"
"8432377524940";"32"
"8432377524957";"0"
"8432377524964";"1"
"8432377524971";"6"
"8432377524995";"0"
"8432377525008";"0"
"8432377525015";"0"
"8432377525022";"0"
"8432377525039";"20"
"8432377525046";"20"
"8432377525336";"3"
"8432377526272";"3"
"8432377526289";"5"
"8432377526296";"0"
"8432377526302";"0"
"8432377526487";"20"
"8432377526593";"10"
"8432377526722";"9"
"8432377526746";"0"
"8432377526777";"0"
"8432377526821";"3"
"8432377526838";"0"
"8432377526852";"11"
"8432377527040";"0"
"8432377527057";"0"
"8432377527071";"30"
"8432377527095";"6"
"8432377527118";"0"
"8432377527125";"23"
"8432377527132";"15"
"8432377527149";"38"
"8432377527156";"16"
"8432377527163";"13"
"8432377527187";"0"
"8432377527194";"28"
"8432377527217";"29"
"8432377527224";"20"
"8432377527293";"1"
"8432377527378";"0"
"8432377527392";"16"
"8432377527439";"0"
"8432377527446";"0"
"8432377527514";"0"
"8432377527590";"4"
"8432377527613";"15"
"8432377527675";"0"
"8432377527804";"12"
"8432377527835";"2"
"8432377527866";"1"
"8432377528023";"0"
"8432377528047";"0"
"8432377528054";"0"
"8432377528061";"0"
"8432377528078";"0"
"8432377528085";"0"
"8432377528092";"0"
"8432377528139";"0"
"8432377528146";"0"
"8432377528153";"0"
"8432377528160";"6"
"8432377528177";"10"
"8432377528184";"4"
"8432377528191";"4"
"8432377528207";"0"
"8432377528214";"0"
"8432377528221";"0"
"8432377528238";"0"
"8432377528245";"0"
"8432377528269";"1"
"8432377528276";"0"
"8432377528283";"4"
"8432377528290";"6"
"8432377528306";"4"
"8432377528450";"0"
"8432377528504";"0"
"8432377528511";"0"
"8432377528542";"0"
"8432377528580";"0"
"8432377528627";"0"
"8432377528665";"0"
"8432377528672";"0"
"8432377528689";"0"
"8432377528696";"0"
"8432377528702";"2"
"8432377528719";"0"
"8432377528726";"0"
"8432377528733";"0"
"8432377528740";"4"
"8432377528757";"0"
"8432377528764";"0"
"8432377528771";"0"
"8432377528788";"7"
"8432377528795";"0"
"8432377528801";"2"
"8432377528818";"2"
"8432377528825";"0"
"8432377528832";"2"
"8432377528849";"3"
"8432377528856";"4"
"8432377528870";"0"
"8432377529013";"0"
"8432377529020";"0"
"8432377529037";"0"
"8432377529044";"5"
"8432377529051";"0"
"8432377529068";"11"
"8432377529075";"11"
"8432377529082";"8"
"8432377529099";"8"
"8432377529105";"4"
"8432377529112";"0"
"8432377529129";"0"
"8432377529204";"4"
"8432377529303";"4"
"8432377529457";"4"
"8432377529518";"0"
"8432377529549";"3"
"8432377529570";"6"
"8432377529662";"0"
"8432377529679";"0"
"8432377529693";"15"
"8432377529754";"0"
"8432377529792";"2"
"8432377529877";"1"
"8432377529976";"5"
"8432377529983";"4"
"8432377530019";"9"
"8432377530057";"2"
"8432377530071";"0"
"8432377530132";"0"
"8432377530149";"6"
"8432377530163";"0"
"8432377530170";"1"
"8432377530187";"6"
"8432377530200";"0"
"8432377530217";"1"
"8432377530316";"0"
"8432377530514";"0"
"8432377530590";"20"
"8432377531856";"20"
"8432377531863";"20"
"8432377531870";"20"
"8432377531887";"8"
"8432377531894";"20"
"8432377531962";"0"
"8432377531979";"20"
"8432377531986";"0"
"8432377531993";"0"
"8432377532174";"0"
"8432377532228";"5"
"8432377532259";"5"
"8432377532266";"10"
"8432377532280";"0"
"8432377532303";"4"
"8432377532310";"0"
"8432377532341";"1"
"8432377532358";"4"
"8432377532860";"20"
"8432377532877";"20"
"8432377532884";"16"
"8432377532891";"10"
"8432377532907";"20"
"8432377533034";"0"
"8432377533041";"0"
"8432377533058";"0"
"8432377533065";"0"
"8432377533348";"13"
"8432377533355";"6"
"8432377533379";"17"
"8432377533386";"4"
"8432377533409";"20"
"8432377533416";"17"
"8432377533423";"2"
"8432377533430";"45"
"8432377533447";"13"
"8432377533454";"6"
"8432377533461";"37"
"8432377533478";"9"
"8432377533485";"8"
"8432377533492";"15"
"8432377533508";"9"
"8432377533515";"10"
"8432377533522";"30"
"8432377533546";"3"
"8432377533553";"41"
"8432377533577";"3"
"8432377533584";"2"
"8432377533591";"3"
"8432377533607";"14"
"8432377533614";"1"
"8432377533621";"4"
"8432377533638";"11"
"8432377533683";"0"
"8432377533690";"0"
"8432377533706";"0"
"8432377533713";"0"
"8432377533720";"0"
"8432377536486";"1"
"8432377536509";"7"
"8432377536684";"29"
"8432377536707";"34"
"8432377536721";"35"
"8432377536790";"1"
"8432377536806";"14"
"8432377536912";"17"
"8432377536929";"3"
"8432377536950";"9"
"8432377536967";"4"
"8432377536981";"0"
"8432377536998";"23"
"8432377537001";"3"
"8432377537018";"41"
"8432377537025";"24"
"8432377537032";"0"
"8432377537056";"20"
"8432377537063";"20"
"8432377537070";"0"
"8432377537094";"20"
"8432377537100";"20"
"8432377537148";"0"
"8432377537155";"0"
"8432377537162";"2"
"8432377537179";"3"
"8432377537209";"29"
"8432377537216";"0"
"8432377537223";"0"
"8432377537230";"0"
"8432377537872";"0"
"8432377537896";"0"
"8432377538169";"0"
"8432377538206";"4"
"8432377538275";"0"
"8432377538299";"2"
"8432377538312";"8"
"8432377538343";"10"
"8432377538602";"0"
"8432377538619";"15"
"8432377538770";"0"
"8432377538879";"1"
"8432377538886";"4"
"8432377538893";"1"
"8432377538909";"2"
"8432377539074";"0"
"8432377539128";"4"
"8432377539135";"10"
"8432377539142";"0"
"8432377539449";"23"
"8432377539456";"5"
"8432377539463";"11"
"8432377539494";"5"
"8432377539500";"1"
"8432377539517";"13"
"8432377539524";"14"
"8432377539562";"0"
"8432377540872";"2"
"8432377540889";"0"
"8432377540896";"2"
"8432377541992";"5"
"8432377542043";"50"
"8432377542050";"1"
"8432377542067";"27"
"8432377542074";"50"
"8432377542081";"50"
"8432377542098";"2"
"8432377542104";"49"
"8432377542111";"12"
"8432377542128";"23"
"8432377542135";"49"
"8432377542142";"40"
"8432377542159";"0"
"8432377542166";"23"
"8432377542173";"17"
"8432377542180";"0"
"8432377542197";"17"
"8432377542210";"50"
"8432377542227";"0"
"8432377542234";"15"
"8432377542241";"41"
"8432377542258";"49"
"8432377542272";"47"
"8432377542296";"23"
"8432377542302";"28"
"8432377542319";"44"
"8432377542326";"0"
"8432377542333";"47"
"8432377542340";"2"
"8432377542357";"36"
"8432377542364";"43"
"8432377542371";"50"
"8432377542418";"12"
"8432377542425";"2"
"8432377542463";"1"
"8432377542470";"1"
"8432377542487";"5"
"8432377542500";"17"
"8432377542517";"9"
"8432377542623";"8"
"8432377543439";"4"
"8432377543446";"0"
"8432377543453";"0"
"8432377543507";"4"
"8432377543514";"4"
"8432377543521";"0"
"8432377543569";"0"
"8432377543576";"2"
"8432377543583";"2"
"8432377543590";"20"
"8432377543606";"29"
"8432377543620";"39"
"8432377543637";"33"
"8432377543644";"36"
"8432377543651";"20"
"8432377543668";"20"
"8432377543682";"9"
"8432377543705";"16"
"8432377543712";"1"
"8432377543736";"4"
"8432377543743";"20"
"8432377543750";"32"
"8432377543767";"17"
"8432377543804";"16"
"8432377543842";"4"
"8432377543859";"0"
"8432377543866";"0"
"8432377543927";"10"
"8432377543934";"0"
"8432377543958";"19"
"8432377544016";"15"
"8432377544023";"18"
"8432377544030";"5"
"8432377544047";"17"
"8432377544054";"12"
"8432377544061";"3"
"8432377544078";"0"
"8432377544085";"0"
"8432377544092";"30"
"8432377544108";"12"
"8432377544115";"27"
"8432377544122";"7"
"8432377544139";"6"
"8432377544146";"12"
"8432377544153";"0"
"8432377544160";"14"
"8432377544177";"36"
"8432377544184";"7"
"8432377544191";"18"
"8432377544207";"47"
"8432377544221";"49"
"8432377544238";"50"
"8432377544245";"11"
"8432377544252";"23"
"8432377544269";"37"
"8432377544276";"50"
"8432377544290";"13"
"8432377544306";"0"
"8432377544313";"9"
"8432377544337";"8"
"8432377544344";"0"
"8432377544351";"4"
"8432377544375";"10"
"8432377544382";"0"
"8432377544399";"2"
"8432377544412";"0"
"8432377544429";"0"
"8432377544436";"2"
"8432377544443";"8"
"8432377544450";"0"
"8432377544467";"5"
"8432377544573";"4"
"8432377544580";"3"
"8432377544610";"0"
"8432377544627";"15"
"8432377544634";"10"
"8432377544641";"11"
"8432377544658";"12"
"8432377544665";"0"
"8432377544689";"0"
"8432377544696";"0"
"8432377544702";"0"
"8432377544719";"0"
"8432377544726";"0"
"8432377544733";"20"
"8432377544740";"11"
"8432377544757";"0"
"8432377544764";"6"
"8432377544771";"0"
"8432377544788";"0"
"8432377544801";"4"
"8432377544818";"4"
"8432377544825";"0"
"8432377544832";"1"
"8432377544849";"35"
"8432377544856";"14"
"8432377544962";"2"
"8432377544979";"0"
"8432377545006";"30"
"8432377545013";"0"
"8432377545020";"11"
"8432377545037";"0"
"8432377545044";"19"
"8432377545051";"28"
"8432377545068";"0"
"8432377545075";"0"
"8432377545082";"0"
"8432377545099";"0"
"8432377545105";"0"
"8432377545112";"20"
"8432377545129";"20"
"8432377545136";"14"
"8432377545143";"0"
"8432377545150";"11"
"8432377545167";"0"
"8432377545174";"0"
"8432377545198";"0"
"8432377545204";"7"
"8432377545211";"0"
"8432377545228";"8"
"8432377545235";"28"
"8432377545242";"20"
"8432377545358";"19"
"8432377545365";"10"
"8432377545396";"24"
"8432377545402";"32"
"8432377545419";"1"
"8432377545426";"1"
"8432377545433";"4"
"8432377545440";"0"
"8432377545457";"0"
"8432377545464";"0"
"8432377545471";"3"
"8432377545488";"0"
"8432377545495";"2"
"8432377545501";"20"
"8432377545518";"20"
"8432377545525";"7"
"8432377545532";"0"
"8432377545549";"13"
"8432377545556";"0"
"8432377545563";"0"
"8432377545587";"11"
"8432377545594";"10"
"8432377545600";"0"
"8432377545617";"9"
"8432377545624";"0"
"8432377545631";"12"
"8432377545648";"0"
"8432377545655";"10"
"8432377545662";"21"
"8432377545679";"33"
"8432377545693";"10"
"8432377545709";"50"
"8432377545716";"50"
"8432377545723";"50"
"8432377545730";"0"
"8432377545747";"0"
"8432377545754";"0"
"8432377545761";"50"
"8432377545778";"50"
"8432377545785";"0"
"8432377546355";"0"
"8432377546362";"1"
"8432377546379";"12"
"8432377546393";"6"
"8432377546409";"18"
"8432377546416";"0"
"8432377546508";"156"
"8432377548991";"2"
"8432377549172";"0"
"8432377549189";"0"
"8432377549745";"0"
"8432377549844";"8"
"8432377549936";"11"
"8432377549943";"6"
"8432377549950";"16"
"8432377549967";"1"
"8432377549974";"6"
"8432377549981";"4"
"8432377549998";"1"
"8432377550000";"21"
"8432377550024";"0"
"8432377550031";"13"
"8432377550048";"10"
"8432377550062";"0"
"8432377550079";"2"
"8432377550086";"8"
"8432377550130";"32"
"8432377550147";"31"
"8432377550178";"1"
"8432377551304";"5"
"8432377551366";"0"
"8432377551397";"0"
"8432377551427";"0"
"8432377551441";"0"
"8432377551649";"4"
"8432377551694";"0"
"8432377551755";"1"
"8432377551793";"0"
"8432377551816";"7"
"8432377551878";"0"
"8432377551892";"0"
"8432377551908";"8"
"8432377552011";"0"
"8432377552059";"0"
"8432377552066";"0"
"8432377552097";"0"
"8432377552134";"0"
"8432377552141";"0"
"8432377552172";"0"
"8432377552189";"0"
"8432377552219";"0"
"8432377552226";"0"
"8432377553612";"20"
"8432377555746";"46"
"8432377555753";"1"
"8432377555760";"50"
"8432377555777";"0"
"8432377555784";"22"
"8432377555791";"8"
"8432377555807";"9"
"8432377555814";"5"
"8432377555821";"15"
"8432377555838";"0"
"8432377556149";"3"
"8432377556194";"29"
"8432377556200";"1"
"8432377556231";"3"
"8432377556248";"50"
"8432377556255";"14"
"8432377556262";"4"
"8432377556279";"0"
"8432377556286";"50"
"8432377556293";"0"
"8432377556347";"20"
"8432377556354";"20"
"8432377556361";"20"
"8432377556378";"14"
"8432377556385";"0"
"8432377556422";"0"
"8432377556439";"0"
"8432377556538";"50"
"8432377556545";"22"
"8432377556552";"50"
"8432377556569";"19"
"8432377556576";"50"
"8432377556583";"24"
"8432377556590";"14"
"8432377556606";"28"
"8432377556613";"28"
"8432377556620";"34"
"8432377556637";"0"
"8432377556644";"0"
"8432377556651";"1"
"8432377556668";"3"
"8432377556675";"6"
"8432377556682";"0"
"8432377556699";"0"
"8432377556705";"14"
"8432377556712";"0"
"8432377556729";"7"
"8432377556736";"16"
"8432377556743";"22"
"8432377556750";"0"
"8432377556767";"32"
"8432377556774";"0"
"8432377556781";"26"
"8432377556798";"30"
"8432377556804";"9"
"8432377556811";"0"
"8432377556828";"6"
"8432377556835";"33"
"8432377556842";"0"
"8432377556859";"0"
"8432377556866";"26"
"8432377556873";"5"
"8432377556965";"9"
"8432377556972";"2"
"8432377557009";"15"
"8432377557016";"50"
"8432377557023";"8"
"8432377557030";"9"
"8432377557047";"1"
"8432377557054";"50"
"8432377557061";"5"
"8432377557085";"20"
"8432377557092";"20"
"8432377557108";"20"
"8432377557115";"13"
"8432377557122";"0"
"8432377557139";"0"
"8432377557153";"2"
"8432377557160";"2"
"8432377557573";"0"
"8432377557863";"6"
"8432377557870";"14"
"8432377557931";"1"
"8432377557955";"6"
"8432377557986";"22"
"8432377557993";"11"
"8432377558013";"25"
"8432377558020";"0"
"8432377558037";"14"
"8432377558044";"0"
"8432377558051";"20"
"8432377558068";"0"
"8432377558075";"0"
"8432377558082";"17"
"8432377558099";"25"
"8432377558105";"29"
"8432377558112";"37"
"8432377558129";"0"
"8432377558136";"20"
"8432377558143";"15"
"8432377558150";"13"
"8432377558174";"19"
"8432377558181";"1"
"8432377558198";"13"
"8432377558204";"10"
"8432377558211";"10"
"8432377558235";"18"
"8432377558303";"0"
"8432377558310";"0"
"8432377558341";"30"
"8432377558358";"22"
"8432377558365";"28"
"8432377558372";"31"
"8432377558389";"32"
"8432377558396";"29"
"8432377559737";"16"
"8432377560146";"6"
"8432377560153";"28"
"8432377560160";"36"
"8432377560177";"22"
"8432377560184";"0"
"8432377560191";"9"
"8432377560207";"4"
"8432377560214";"24"
"8432377560221";"25"
"8432377560238";"27"
"8432377560245";"43"
"8432377560252";"36"
"8432377560269";"15"
"8432377560276";"5"
"8432377560283";"29"
"8432377560290";"24"
"8432377560306";"14"
"8432377560313";"3"
"8432377560320";"7"
"8432377560337";"24"
"8432377560344";"28"
"8432377560351";"15"
"8432377560368";"10"
"8432377560375";"8"
"8432377560382";"0"
"8432377560399";"18"
"8432377560405";"19"
"8432377560412";"0"
"8432377560429";"0"
"8432377560436";"0"
"8432377560443";"16"
"8432377560450";"14"
"8432377560467";"2"
"8432377560474";"18"
"8432377560481";"39"
"8432377560498";"25"
"8432377560504";"34"
"8432377560511";"0"
"8432377560528";"6"
"8432377560535";"11"
"8432377560542";"2"
"8432377560559";"31"
"8432377560566";"0"
"8432377560573";"24"
"8432377560580";"46"
"8432377560597";"41"
"8432377560603";"6"
"8432377560610";"20"
"8432377560627";"0"
"8432377560634";"10"
"8432377560641";"20"
"8432377560658";"16"
"8432377560689";"25"
"8432377560702";"0"
"8432377560719";"18"
"8432377560726";"16"
"8432377560733";"14"
"8432377560740";"13"
"8432377560757";"12"
"8432377560788";"27"
"8432377560801";"11"
"8432377560818";"20"
"8432377560825";"14"
"8432377560832";"7"
"8432377560849";"11"
"8432377560856";"17"
"8432377560863";"15"
"8432377560870";"24"
"8432377560887";"21"
"8432377560894";"0"
"8432377560900";"33"
"8432377561105";"24"
"8432377561112";"29"
"8432377561129";"15"
"8432377561136";"17"
"8432377561143";"21"
"8432377561150";"14"
"8432377561167";"28"
"8432377561174";"29"
"8432377561181";"36"
"8432377561198";"13"
"8432377561204";"9"
"8432377561211";"0"
"8432377561228";"0"
"8432377561235";"0"
"8432377561242";"0"
"8432377561266";"0"
"8432377561273";"28"
"8432377561297";"12"
"8432377561303";"12"
"8432377561310";"1"
"8432377561327";"0"
"8432377561334";"34"
"8432377561358";"8"
"8432377561365";"18"
"8432377561372";"1"
"8432377561686";"38"
"8432377561693";"23"
"8432377561808";"17"
"8432377561815";"6"
"8432377561846";"2"
"8432377561853";"50"
"8432377561860";"0"
"8432377561877";"2"
"8432377561884";"9"
"8432377561891";"18"
"8432377561907";"50"
"8432377561914";"0"
"8432377561921";"13"
"8432377561938";"0"
"8432377561945";"36"
"8432377561952";"20"
"8432377561969";"20"
"8432377561976";"20"
"8432377561983";"21"
"8432377561990";"20"
"8432377562003";"2"
"8432377562010";"23"
"8432377562041";"17"
"8432377562058";"6"
"8432377562065";"15"
"8432377562072";"6"
"8432377562089";"32"
"8432377562102";"50"
"8432377562119";"50"
"8432377562126";"50"
"8432377562133";"50"
"8432377562140";"50"
"8432377562157";"50"
"8432377562164";"50"
"8432377562171";"50"
"8432377562263";"0"
"8432377562317";"0"
"8432377562324";"0"
"8432377562331";"0"
"8432377562348";"5"
"8432377562355";"0"
"8432377562362";"0"
"8432377562379";"0"
"8432377562416";"0"
"8432377562423";"0"
"8432377562430";"2"
"8432377562447";"0"
"8432377562454";"0"
"8432377562461";"16"
"8432377562485";"1"
"8432377562492";"2"
"8432377562508";"0"
"8432377562515";"0"
"8432377562522";"0"
"8432377562577";"0"
"8432377562584";"0"
"8432377562591";"0"
"8432377562607";"0"
"8432377562614";"0"
"8432377562621";"3"
"8432377562638";"0"
"8432377562676";"0"
"8432377562683";"0"
"8432377562690";"0"
"8432377562706";"0"
"8432377562713";"0"
"8432377562720";"0"
"8432377562744";"0"
"8432377562751";"31"
"8432377562768";"14"
"8432377562850";"15"
"8432377562867";"2"
"8432377562898";"0"
"8432377562904";"50"
"8432377562911";"17"
"8432377562928";"13"
"8432377562935";"0"
"8432377562942";"50"
"8432377562959";"50"
"8432377562966";"19"
"8432377562973";"1"
"8432377562980";"20"
"8432377562997";"0"
"8432377563000";"20"
"8432377563017";"20"
"8432377563024";"20"
"8432377563031";"16"
"8432377563048";"6"
"8432377563055";"24"
"8432377563062";"7"
"8432377563093";"20"
"8432377563109";"37"
"8432377563147";"14"
"8432377563154";"13"
"8432377563161";"2"
"8432377563178";"1"
"8432377563185";"37"
"8432377563192";"24"
"8432377563284";"16"
"8432377563291";"1"
"8432377563321";"3"
"8432377563338";"4"
"8432377563345";"9"
"8432377563352";"3"
"8432377563369";"9"
"8432377563376";"35"
"8432377563383";"46"
"8432377563390";"30"
"8432377563406";"20"
"8432377563413";"20"
"8432377563420";"37"
"8432377563437";"20"
"8432377563444";"20"
"8432377563451";"20"
"8432377563468";"33"
"8432377563475";"20"
"8432377563482";"13"
"8432377563499";"19"
"8432377563529";"20"
"8432377563536";"26"
"8432377563574";"23"
"8432377563581";"13"
"8432377563673";"10"
"8432377563680";"0"
"8432377563710";"1"
"8432377563727";"43"
"8432377563734";"0"
"8432377563741";"6"
"8432377563758";"0"
"8432377563765";"50"
"8432377563772";"1"
"8432377563789";"36"
"8432377563796";"0"
"8432377563802";"5"
"8432377563819";"7"
"8432377563826";"20"
"8432377563833";"20"
"8432377563840";"20"
"8432377563857";"39"
"8432377563864";"20"
"8432377563871";"10"
"8432377563888";"19"
"8432377563918";"20"
"8432377563925";"30"
"8432377563963";"2"
"8432377563970";"1"
"8432377563987";"9"
"8432377563994";"0"
"8432377564007";"3"
"8432377564014";"1"
"8432377564021";"7"
"8432377564038";"0"
"8432377564069";"41"
"8432377564090";"18"
"8432377564120";"21"
"8432377564151";"50"
"8432377564182";"17"
"8432377564199";"0"
"8432377564205";"0"
"8432377564212";"0"
"8432377564229";"1"
"8432377564236";"0"
"8432377564243";"0"
"8432377564649";"0"
"8432377564663";"0"
"8432377564953";"0"
"8432377564960";"17"
"8432377564977";"0"
"8432377564984";"1"
"8432377564991";"26"
"8432377565004";"11"
"8432377565011";"0"
"8432377565066";"10"
"8432377565073";"7"
"8432377565080";"7"
"8432377565097";"4"
"8432377565103";"8"
"8432377565110";"4"
"8432377565165";"0"
"8432377565172";"13"
"8432377565189";"0"
"8432377565196";"4"
"8432377565202";"8"
"8432377565219";"0"
"8432377565226";"1"
"8432377565233";"0"
"8432377565257";"22"
"8432377565264";"16"
"8432377565271";"10"
"8432377565301";"14"
"8432377565318";"20"
"8432377565325";"13"
"8432377565332";"8"
"8432377565349";"0"
"8432377565356";"14"
"8432377565363";"6"
"8432377565592";"23"
"8432377565608";"29"
"8432377565615";"6"
"8432377565622";"5"
"8432377565639";"26"
"8432377566186";"5"
"8432377566193";"8"
"8432377566285";"18"
"8432377566889";"20"
"8432377566896";"20"
"8432377566902";"20"
"8432377566919";"20"
"8432377567992";"28"
"8432377568005";"0"
"8432377568074";"11"
"8432377568081";"5"
"8432377568098";"17"
"8432377568104";"23"
"8432377568111";"25"
"8432377568128";"15"
"8432377568135";"38"
"8432377568142";"26"
"8432377568159";"0"
"8432377568166";"20"
"8432377568173";"0"
"8432377568180";"45"
"8432377568197";"20"
"8432377568203";"25"
"8432377568210";"25"
"8432377568241";"6"
"8432377568258";"11"
"8432377568265";"11"
"8432377568302";"3"
"8432377568319";"3"
"8432377568326";"40"
"8432377568333";"12"
"8432377568340";"32"
"8432377568357";"30"
"8432377568364";"9"
"8432377568432";"3"
"8432377568449";"12"
"8432377568456";"9"
"8432377568463";"13"
"8432377568470";"27"
"8432377568487";"16"
"8432377568494";"31"
"8432377568500";"17"
"8432377568517";"0"
"8432377568524";"20"
"8432377568531";"20"
"8432377568548";"49"
"8432377568555";"20"
"8432377568562";"44"
"8432377568579";"26"
"8432377568609";"0"
"8432377568647";"50"
"8432377568654";"5"
"8432377568661";"37"
"8432377568678";"18"
"8432377568685";"11"
"8432377568692";"17"
"8432377568708";"12"
"8432377568753";"5"
"8432377568760";"0"
"8432377568777";"17"
"8432377568784";"0"
"8432377568791";"9"
"8432377568807";"0"
"8432377568814";"16"
"8432377568821";"0"
"8432377568838";"21"
"8432377568845";"3"
"8432377568876";"12"
"8432377568883";"29"
"8432377568890";"24"
"8432377568906";"29"
"8432377568913";"4"
"8432377568920";"28"
"8432377568937";"22"
"8432377568944";"15"
"8432377568951";"0"
"8432377568968";"22"
"8432377568975";"15"
"8432377569002";"16"
"8432377569019";"38"
"8432377569026";"26"
"8432377569033";"32"
"8432377569040";"14"
"8432377569057";"28"
"8432377569064";"19"
"8432377569071";"22"
"8432377569088";"0"
"8432377569095";"20"
"8432377569101";"16"
"8432377569132";"20"
"8432377569149";"20"
"8432377569156";"30"
"8432377569163";"31"
"8432377569170";"21"
"8432377569187";"30"
"8432377569194";"17"
"8432377569200";"40"
"8432377569217";"0"
"8432377569224";"39"
"8432377569231";"40"
"8432377569248";"20"
"8432377569262";"10"
"8432377569279";"37"
"8432377569286";"36"
"8432377569293";"41"
"8432377569309";"26"
"8432377569316";"39"
"8432377569323";"23"
"8432377569330";"29"
"8432377569347";"0"
"8432377569354";"38"
"8432377569361";"36"
"8432377569392";"24"
"8432377569446";"4"
"8432377569453";"4"
"8432377569507";"34"
"8432377569538";"20"
"8432377569545";"6"
"8432377569576";"21"
"8432377569583";"20"
"8432377569590";"27"
"8432377569606";"11"
"8432377569613";"20"
"8432377569620";"38"
"8432377569637";"50"
"8432377569644";"20"
"8432377569651";"20"
"8432377569668";"50"
"8432377569675";"50"
"8432377569712";"29"
"8432377569743";"0"
"8432377569767";"5"
"8432377569774";"3"
"8432377569781";"22"
"8432377570244";"20"
"8432377573214";"20"
"8432377573221";"20"
"8432377573238";"19"
"8435629200012";"1268"
"8435629200081";"3"
"8435629200258";"21"
"8435629200302";"8"
"8435629200593";"45"
"8435629200609";"0"
"8435629200616";"13"
"8435629200623";"11"
"8435629200685";"0"
"8435629200715";"34"
"8435629200722";"0"
"8435629200739";"29"
"8435629200746";"0"
"8435629200753";"8"
"8435629200760";"24"
"8435629200777";"21"
"8435629200784";"21"
"8435629200791";"32"
"8435629200807";"11"
"8435629200814";"28"
"8435629200838";"0"
"8435629200852";"0"
"8435629200869";"0"
"8435629200876";"0"
"8435629201200";"39"
"8435629201217";"0"
"8435629201224";"42"
"8435629201682";"10"
"8435629201699";"60"
"8435629201705";"10"
"8435629201712";"10"
"8435629201729";"41"
"8435629201743";"149"
"8435629201750";"130"
"8435629201767";"72"
"8435629201774";"48"
"8435629201781";"94"
"8435629201798";"0"
"8435629201804";"147"
"8435629201811";"241"
"8435629201828";"102"
"8435629201835";"308"
"8435629201842";"328"
"8435629201859";"292"
"8435629201873";"0"
"8435629201927";"0"
"8435629201989";"4"
"8435629202016";"31"
"8435629202047";"14"
"8435629202054";"20"
"8435629202061";"0"
"8435629202078";"35"
"8435629202085";"51"
"8435629202092";"14"
"8435629202160";"145"
"8435629202177";"160"
"8435629202184";"138"
"8435629202191";"238"
"8435629202207";"250"
"8435629202214";"238"
"8435629202221";"245"
"8435629202238";"253"
"8435629202245";"252"
"8435629202252";"152"
"8435629202269";"160"
"8435629202276";"153"
"8435629202283";"116"
"8435629202290";"123"
"8435629202306";"106"
"8435629202344";"37"
"8435629202351";"57"
"8435629202368";"50"
"8435629202375";"73"
"8435629202382";"90"
"8435629202399";"101"
"8435629202405";"186"
"8435629202412";"191"
"8435629202429";"200"
"8435629202436";"187"
"8435629202443";"203"
"8435629202450";"217"
"8435629202467";"118"
"8435629202474";"133"
"8435629202481";"135"
"8435629202498";"138"
"8435629202504";"151"
"8435629202511";"145"
"8435629202528";"32"
"8435629202535";"56"
"8435629202566";"72"
"8435629202573";"391"
"8435629202597";"0"
"8435629202603";"3"
"8435629202610";"298"
"8435629202627";"361"
"8435629202634";"278"
"8435629202641";"526"
"8435629202665";"424"
"8435629202672";"123"
"8435629202689";"421"
"8435629202702";"341"
"8435629202719";"203"
"8435629202726";"402"
"8435629202733";"209"
"8435629202740";"83"
"8435629202757";"97"
"8435629202764";"167"
"8435629202771";"179"
"8435629202788";"0"
"8435629202795";"468"
"8435629202801";"418"
"8435629202825";"74"
"8435629202832";"63"
"8435629202856";"0"
"8435629202870";"291"
"8435629202887";"263"
"8435629202894";"287"
"8435629202900";"214"
"8435629202931";"0"
"8435629202948";"0"
"8435629202979";"0"
"8435629202986";"0"
"8435629203013";"202"
"8435629203020";"192"
"8435629203037";"220"
"8435629203044";"244"
"8435629203051";"57"
"8435629203068";"34"
"8435629203075";"77"
"8435629203112";"119"
"8435629203129";"453"
"8435629203167";"176"
"8435629203174";"32"
"8435629203181";"0"
"8435629203198";"0"
"8435629203235";"0"
"8435629203242";"20"
"8435629203259";"10"
"8435629203402";"516"
"8435629203426";"806"
"8435629203433";"354"
"8435629203617";"278"
"8435629203624";"292"
"8435629204065";"178"
"8435629204072";"67"
"8435629204089";"0"
"8435629204096";"0"
"8435629204102";"199"
"8435629204119";"0"
"8435629204133";"319"
"8435629204140";"288"
"8435629204157";"69"
"8435629204164";"146"
"8435629204171";"324"
"8435629204188";"494"
"8435629204195";"536"
"8435629204201";"201"
"8435629204218";"342"
"8435629204225";"238"
"8435629204232";"210"
"8435629204249";"0"
"8435629204256";"170"
"8435629204263";"144"
"8435629204270";"61"
"8435629204287";"161"
"8435629204294";"815"
"8435629204300";"450"
"8435629204317";"342"
"8435629204324";"396"
"8435629204331";"9"
"8435629204348";"11"
"8435629204355";"9"
"8435629204362";"29"
"8435629204379";"32"
"8435629204386";"41"
"8435629204393";"178"
"8435629204409";"35"
"8435629204416";"118"
"8435629204423";"95"
"8435629204430";"88"
"8435629204447";"116"
"8435629204454";"46"
"8435629204461";"244"
"8435629204478";"119"
"8435629204485";"32"
"8435629204492";"0"
"8435629204508";"294"
"8435629204515";"270"
"8435629204522";"179"
"8435629204539";"110"
"8435629204546";"238"
"8435629204553";"318"
"8435629204560";"83"
"8435629204577";"66"
"8435629204584";"205"
"8435629204591";"39"
"8435629204607";"235"
"8435629204614";"70"
"8435629204621";"5"
"8435629204638";"110"
"8435629204645";"30"
"8435629204652";"0"
"8435629204669";"0"
"8435629204676";"141"
"8435629204683";"115"
"8435629204690";"26"
"8435629204706";"44"
"8435629204713";"263"
"8435629204720";"141"
"8435629204737";"161"
"8435629204744";"115"
"8435629204751";"0"
"8435629204768";"109"
"8435629204775";"50"
"8435629204782";"65"
"8435629204812";"125"
"8435629204829";"144"
"8435629204836";"41"
"8435629204843";"255"
"8435629204850";"103"
"8435629204867";"131"
"8435629204973";"348"
"8435629204980";"308"
"8435629204997";"262"
"8435629205000";"297"
"8435629205024";"615"
"8435629205031";"568"
"8435629205048";"366"
"8435629205055";"337"
"8435629205161";"324"
"8435629205178";"227"
"8435629205185";"306"
"8435629205192";"286"
"8435629205208";"147"
"8435629205215";"356"
"8435629205222";"430"
"8435629205239";"410"
"8435629205246";"242"
"8435629205253";"0"
"8435629205260";"337"
"8435629205277";"394"
"8435629205284";"384"
"8435629205291";"310"
"8435629205307";"126"
"8435629205314";"418"
"8435629205321";"277"
"8435629205338";"17"
"8435629205345";"78"
"8435629205352";"422"
"8435629205369";"199"
"8435629205376";"164"
"8435629205383";"198"
"8435629205390";"24"
"8435629205406";"236"
"8435629205413";"173"
"8435629205420";"3"
"8435629205437";"42"
"8435629205444";"8"
"8435629205451";"13"
"8435629205468";"29"
"8435629205475";"32"
"8435629205482";"19"
"8435629205499";"4"
"8435629205505";"0"
"8435629205512";"0"
"8435629205529";"30"
"8435629205536";"0"
"8435629205543";"12"
"8435629205567";"82"
"8435629205574";"3"
"8435629205581";"50"
"8435629205598";"31"
"8435629205604";"46"
"8435629205611";"98"
"8435629205628";"7"
"8435629205635";"64"
"8435629205642";"245"
"8435629205659";"33"
"8435629205666";"27"
"8435629205673";"111"
"8435629205680";"32"
"8435629205697";"36"
"8435629205703";"33"
"8435629205710";"35"
"8435629205727";"0"
"8435629205802";"32"
"8435629205819";"15"
"8435629205826";"56"
"8435629205833";"66"
"8435629205840";"0"
"8435629205857";"26"
"8435629205864";"0"
"8435629205871";"0"
"8435629205888";"71"
"8435629205932";"10"
"8435629205949";"28"
"8435629205956";"29"
"8435629205963";"133"
"8435629205970";"0"
"8435629206021";"0"
"8435629206038";"12"
"8435629206045";"0"
"8435629206052";"8"
"8435629206069";"0"
"8435629206113";"0"
"8435629206120";"40"
"8435629206137";"31"
"8435629206144";"20"
"8435629206151";"10"
"8435629206182";"28"
"8435629206199";"44"
"8435629206205";"27"
"8435629206212";"47"
"8435629206229";"0"
"8435629206236";"0"
"8435629206243";"0"
"8435629206250";"0"
"8435629206267";"27"
"8435629206274";"95"
"8435629206281";"97"
"8435629206298";"0"
"8435629206304";"0"
"8435629206311";"0"
"8435629206328";"0"
"8435629206335";"0"
"8435629206342";"0"
"8435629206359";"76"
"8435629206366";"19"
"8435629206373";"97"
"8435629206380";"11"
"8435629206397";"26"
"8435629206403";"12"
"8435629206410";"4"
"8435629206427";"0"
"8435629206434";"46"
"8435629206441";"0"
"8435629206458";"0"
"8435629206465";"106"
"8435629206472";"101"
"8435629206489";"133"
"8435629206496";"131"
"8435629206502";"208"
"8435629206519";"160"
"8435629206526";"48"
"8435629206533";"466"
"8435629206540";"64"
"8435629206557";"40"
"8435629206564";"9"
"8435629206571";"11"
"8435629206588";"29"
"8435629206595";"333"
"8435629206601";"71"
"8435629206618";"285"
"8435629206625";"0"
"8435629206632";"112"
"8435629206649";"125"
"8435629206656";"287"
"8435629206663";"117"
"8435629206670";"157"
"8435629206687";"126"
"8435629206694";"26"
"8435629206700";"23"
"8435629206717";"40"
"8435629206724";"36"
"8435629206731";"5"
"8435629206748";"0"
"8435629206755";"26"
"8435629206762";"45"
"8435629206779";"37"
"8435629206786";"19"
"8435629206793";"37"
"8435629206809";"0"
"8435629206816";"0"
"8435629206823";"22"
"8435629206830";"17"
"8435629206847";"38"
"8435629206854";"23"
"8435629206861";"36"
"8435629206878";"51"
"8435629206885";"50"
"8435629206908";"0"
"8435629206915";"38"
"8435629206922";"0"
"8435629206939";"21"
"8435629206946";"14"
"8435629206953";"37"
"8435629206960";"115"
"8435629206977";"173"
"8435629206984";"185"
"8435629206991";"123"
"8435629207004";"0"
"8435629207011";"16"
"8435629207028";"4"
"8435629207035";"0"
"8435629207042";"47"
"8435629207059";"45"
"8435629207066";"10"
"8435629207073";"86"
"8435629207080";"0"
"8435629207097";"35"
"8435629207103";"0"
"8435629207110";"0"
"8435629207127";"0"
"8435629207134";"34"
"8435629207141";"22"
"8435629207158";"40"
"8435629207165";"205"
"8435629207172";"0"
"8435629207189";"419"
"8435629207196";"96"
"8435629207219";"0"
"8435629207226";"160"
"8435629207233";"90"
"8435629207240";"125"
"8435629207257";"416"
"8435629207264";"416"
"8435629207271";"388"
"8435629207288";"168"
"8435629207295";"405"
"8435629207301";"493"
"8435629207318";"425"
"8435629207325";"449"
"8435629207332";"181"
"8435629207349";"470"
"8435629207356";"95"
"8435629207363";"598"
"8435629207370";"46"
"8435629207387";"195"
"8435629207400";"11"
"8435629207417";"22"
"8435629207424";"0"
"8435629207431";"25"
"8435629207448";"21"
"8435629207455";"102"
"8435629207462";"18"
"8435629207479";"56"
"8435629207486";"0"
"8435629207493";"4"
"8435629207509";"25"
"8435629207516";"42"
"8435629207523";"25"
"8435629207530";"32"
"8435629207547";"40"
"8435629207554";"10"
"8435629207561";"47"
"8435629207578";"26"
"8435629207585";"25"
"8435629207592";"27"
"8435629207608";"32"
"8435629207653";"280"
"8435629207660";"149"
"8435629207677";"195"
"8435629207684";"242"
"8435629207691";"40"
"8435629207707";"23"
"8435629207714";"12"
"8435629207721";"11"
"8435629207738";"0"
"8435629207745";"0"
"8435629207752";"0"
"8435629207769";"170"
"8435629207776";"104"
"8435629207783";"96"
"8435629207790";"50"
"8435629207806";"31"
"8435629207813";"42"
"8435629207820";"37"
"8435629207837";"16"
"8435629207844";"0"
"8435629207851";"8"
"8435629207868";"0"
"8435629207875";"19"
"8435629207882";"18"
"8435629207899";"14"
"8435629207905";"15"
"8435629207912";"48"
"8435629207929";"44"
"8435629207936";"41"
"8435629207943";"22"
"8435629207950";"36"
"8435629207967";"28"
"8435629207974";"23"
"8435629207981";"0"
"8435629207998";"505"
"8435629208001";"0"
"8435629208018";"58"
"8435629208025";"104"
"8435629208087";"37"
"8435629208094";"0"
"8435629208100";"47"
"8435629208117";"83"
"8435629208124";"58"
"8435629208131";"0"
"8435629208155";"35"
"8435629208421";"1136"
"8435629208438";"1152"
"8435629208445";"681"
"8435629208452";"678"
"8435629208483";"31"
"8435629208490";"790"
"8435629208506";"33"
"8435629208513";"31"
"8435629208520";"0"
"8435629208537";"0"
"8435629208544";"0"
"8435629208551";"0"
"8435629208568";"34"
"8435629208575";"0"
"8435629208612";"77"
"8435629208629";"90"
"8435629208636";"74"
"8435629208681";"0"
"8435629208698";"28"
"8435629208742";"69"
"8435629208759";"0"
"8435629208766";"90"
"8435629208872";"28"
"8435629208889";"53"
"8435629208896";"20"
"8435629208926";"9"
"8435629208933";"7"
"8435629208940";"32"
"8435629208957";"72"
"8435629208964";"16"
"8435629208971";"0"
"8435629208995";"0"
"8435629209008";"48"
"8435629209015";"26"
"8435629209022";"3"
"8435629209039";"0"
"8435629209053";"23"
"8435629209060";"34"
"8435629209077";"35"
"8435629209084";"0"
"8435629209091";"3"
"8435629209107";"44"
"8435629209114";"34"
"8435629209121";"10"
"8435629209138";"18"
"8435629209145";"20"
"8435629209152";"23"
"8435629209169";"23"
"8435629209176";"25"
"8435629209183";"37"
"8435629209190";"0"
"8435629209213";"10"
"8435629209220";"0"
"8435629209237";"14"
"8435629209244";"50"
"8435629209268";"130"
"8435629209275";"696"
"8435629209282";"450"
"8435629209299";"431"
"8435629209305";"436"
"8435629209312";"0"
"8435629209336";"89"
"8435629209671";"83"
"8435629209688";"59"
"8435629209695";"56"
"8435629209701";"0"
"8435629209718";"0"
"8435629209725";"53"
"8435629209732";"6"
"8435629209756";"29"
"8435629209831";"366"
"8435629209848";"676"
"8435629209855";"442"
"8435629209862";"50"
"8435629209879";"64"
"8435629209886";"65"
"8435629209893";"55"
"8435629209909";"134"
"8435629209923";"138"
"8435629209930";"163"
"8435629209947";"144"
"8435629209961";"75"
"8435629209985";"11"
"8435629210127";"0"
"8435629210134";"366"
"8435629210141";"316"
"8435629210165";"312"
"8435629210172";"132"
"8435629210189";"179"
"8435629210202";"0"
"8435629210219";"40"
"8435629210226";"31"
"8435629210233";"16"
"8435629210318";"55"
"8435629210349";"0"
"8435629212152";"66"
"8435629212169";"35"
"8435629212176";"13"
"8435629212190";"51"
"8435629212206";"28"
"8435629212213";"20"
"8435629212244";"6"
"8435629212282";"27"
"8435629212312";"26"
"8435629212329";"48"
"8435629212336";"24"
"8435629212367";"42"
"8435629212374";"34"
"8435629212381";"8"
"8435629212435";"6"
"8435629212466";"39"
"8435629212473";"43"
"8435629212480";"18"
"8435629212503";"14"
"8435629212534";"28"
"8435629212541";"728"
"8435629212558";"598"
"8435629212565";"413"
"8435629212572";"922"
"8435629212589";"639"
"8435629212596";"923"
"8435629212602";"326"
"8435629212619";"285"
"8435629212626";"236"
"8435629212633";"315"
"8435629212640";"178"
"8435629212664";"380"
"8435629212671";"301"
"8435629212688";"243"
"8435629212695";"220"
"8435629212701";"180"
"8435629212718";"0"
"8435629212725";"0"
"8435629212732";"0"
"8435629212749";"200"
"8435629212756";"62"
"8435629212763";"81"
"8435629212770";"45"
"8435629212787";"159"
"8435629212794";"46"
"8435629212800";"184"
"8435629212817";"0"
"8435629212824";"0"
"8435629212831";"48"
"8435629212848";"90"
"8435629212855";"14"
"8435629212862";"0"
"8435629212879";"0"
"8435629212886";"57"
"8435629212893";"77"
"8435629212909";"118"
"8435629212916";"0"
"8435629212923";"0"
"8435629212930";"0"
"8435629212947";"0"
"8435629212954";"26"
"8435629212961";"24"
"8435629212978";"247"
"8435629212992";"0"
"8435629213005";"0"
"8435629213012";"0"
"8435629213029";"29"
"8435629213036";"63"
"8435629213043";"0"
"8435629213050";"253"
"8435629213067";"104"
"8435629213074";"62"
"8435629213081";"7"
"8435629213098";"43"
"8435629213104";"107"
"8435629213111";"0"
"8435629213128";"0"
"8435629213135";"0"
"8435629213142";"443"
"8435629213159";"518"
"8435629213166";"492"
"8435629213173";"486"
"8435629213180";"0"
"8435629213197";"505"
"8435629213203";"32"
"8435629213210";"0"
"8435629213227";"456"
"8435629213234";"0"
"8435629213241";"789"
"8435629213258";"0"
"8435629213265";"250"
"8435629213272";"0"
"8435629213289";"0"
"8435629213296";"0"
"8435629213302";"181"
"8435629213319";"142"
"8435629213326";"155"
"8435629213333";"166"
"8435629213340";"8"
"8435629213357";"0"
"8435629213364";"0"
"8435629213371";"0"
"8435629213388";"95"
"8435629213395";"210"
"8435629213401";"196"
"8435629213418";"191"
"8435629213425";"139"
"8435629213432";"334"
"8435629213449";"371"
"8435629213456";"344"
"8435629213463";"349"
"8435629213470";"351"
"8435629213487";"52"
"8435629213494";"442"
"8435629213500";"341"
"8435629213517";"23"
"8435629213524";"34"
"8435629213531";"189"
"8435629213548";"0"
"8435629213555";"0"
"8435629213562";"0"
"8435629213579";"116"
"8435629213586";"139"
"8435629213593";"219"
"8435629213609";"0"
"8435629213616";"39"
"8435629213623";"37"
"8435629213630";"123"
"8435629213647";"169"
"8435629213654";"165"
"8435629213661";"217"
"8435629213678";"195"
"8435629213685";"275"
"8435629213692";"106"
"8435629213708";"0"
"8435629213715";"0"
"8435629213722";"31"
"8435629213739";"0"
"8435629213746";"0"
"8435629213753";"310"
"8435629213760";"397"
"8435629213777";"16"
"8435629213784";"0"
"8435629213791";"0"
"8435629213807";"14"
"8435629213814";"135"
"8435629213821";"116"
"8435629213838";"0"
"8435629213845";"0"
"8435629213852";"124"
"8435629213869";"113"
"8435629213876";"62"
"8435629213883";"54"
"8435629213890";"91"
"8435629213906";"180"
"8435629213913";"222"
"8435629213920";"219"
"8435629213937";"3"
"8435629213944";"191"
"8435629213951";"79"
"8435629213968";"142"
"8435629213975";"87"
"8435629213982";"104"
"8435629213999";"59"
"8435629214002";"51"
"8435629214019";"99"
"8435629214026";"185"
"8435629214033";"88"
"8435629214040";"136"
"8435629214057";"71"
"8435629214064";"61"
"8435629214071";"96"
"8435629214088";"184"
"8435629214095";"145"
"8435629214101";"79"
"8435629214118";"0"
"8435629214125";"0"
"8435629214132";"139"
"8435629214149";"105"
"8435629214156";"169"
"8435629214163";"82"
"8435629214170";"233"
"8435629214187";"178"
"8435629214194";"75"
"8435629214200";"134"
"8435629214217";"137"
"8435629214224";"126"
"8435629214248";"187"
"8435629214255";"0"
"8435629214262";"0"
"8435629214279";"237"
"8435629215078";"109"
"8435629215085";"490"
"8435629215092";"590"
"8435629215160";"43"
"8435629215177";"81"
"8435629215184";"88"
"8435629215320";"35"
"8435629215337";"21"
"8435629215344";"34"
"8435629215351";"57"
"8435629215368";"17"
"8435629215375";"0"
"8435629215382";"33"
"8435629215399";"46"
"8435629215443";"0"
"8435629215450";"0"
"8435629215474";"3"
"8435629215481";"259"
"8435629215498";"165"
"8435629215504";"174"
"8435629215597";"0"
"8435629215603";"0"
"8435629215610";"0"
"8435629215634";"56"
"8435629215641";"0"
"8435629215658";"0"
"8435629215665";"0"
"8435629215672";"0"
"8435629215689";"0"
"8435629215696";"0"
"8435629215702";"22"
"8435629215719";"0"
"8435629215757";"31"
"8435629215764";"33"
"8435629215870";"52"
"8435629215900";"0"
"8435629215917";"53"
"8435629215955";"21"
"8435629215962";"29"
"8435629215979";"28"
"8435629216006";"0"
"8435629216013";"0"
"8435629216020";"0"
"8435629216037";"31"
"8435629216235";"32"
"8435629216242";"40"
"8435629216259";"160"
"8435629216266";"50"
"8435629216273";"41"
"8435629216297";"82"
"8435629216303";"97"
"8435629216310";"125"
"8435629216327";"120"
"8435629216334";"68"
"8435629216341";"168"
"8435629216358";"116"
"8435629216365";"18"
"8435629216372";"77"
"8435629216389";"18"
"8435629216396";"0"
"8435629216402";"0"
"8435629216419";"0"
"8435629216426";"0"
"8435629216440";"0"
"8435629216457";"11"
"8435629216464";"0"
"8435629216471";"25"
"8435629216488";"0"
"8435629216495";"0"
"8435629216501";"0"
"8435629216518";"125"
"8435629216525";"247"
"8435629216570";"14"
"8435629216587";"49"
"8435629216594";"18"
"8435629216600";"39"
"8435629216617";"0"
"8435629216624";"0"
"8435629216631";"11"
"8435629216648";"0"
"8435629216655";"0"
"8435629216662";"38"
"8435629216679";"0"
"8435629216686";"47"
"8435629216693";"71"
"8435629216709";"9"
"8435629216716";"0"
"8435629216723";"0"
"8435629216730";"258"
"8435629216747";"353"
"8435629216754";"75"
"8435629216761";"0"
"8435629216778";"43"
"8435629216785";"49"
"8435629216808";"37"
"8435629216839";"0"
"8435629216846";"0"
"8435629216907";"24"
"8435629216914";"31"
"8435629216921";"50"
"8435629216938";"52"
"8435629216945";"0"
"8435629216952";"32"
"8435629216969";"0"
"8435629216976";"85"
"8435629216983";"21"
"8435629216990";"0"
"8435629217003";"0"
"8435629217010";"28"
"8435629217027";"47"
"8435629217034";"457"
"8435629217072";"0"
"8435629217089";"62"
"8435629217096";"0"
"8435629217102";"0"
"8435629217119";"0"
"8435629217126";"30"
"8435629217133";"0"
"8435629217140";"24"
"8435629217157";"51"
"8435629217164";"26"
"8435629217171";"149"
"8435629217188";"52"
"8435629217195";"51"
"8435629217201";"26"
"8435629217218";"66"
"8435629217225";"44"
"8435629217232";"48"
"8435629217249";"49"
"8435629217256";"47"
"8435629217263";"42"
"8435629217270";"47"
"8435629217287";"25"
"8435629217294";"56"
"8435629217300";"47"
"8435629217317";"45"
"8435629217324";"0"
"8435629217331";"68"
"8435629217348";"50"
"8435629217355";"42"
"8435629217362";"0"
"8435629217379";"59"
"8435629217386";"0"
"8435629217393";"0"
"8435629217409";"0"
"8435629217416";"0"
"8435629217423";"19"
"8435629217430";"31"
"8435629217447";"65"
"8435629217454";"36"
"8435629217461";"0"
"8435629217478";"34"
"8435629217508";"92"
"8435629217515";"190"
"8435629217546";"132"
"8435629217553";"270"
"8435629217560";"165"
"8435629217577";"136"
"8435629217584";"201"
"8435629217591";"8"
"8435629217607";"16"
"8435629217614";"33"
"8435629217621";"17"
"8435629217638";"45"
"8435629217645";"52"
"8435629217652";"46"
"8435629217669";"49"
"8435629217676";"0"
"8435629217683";"16"
"8435629217690";"41"
"8435629217706";"4"
"8435629217713";"352"
"8435629217720";"281"
"8435629217737";"31"
"8435629217744";"38"
"8435629217751";"38"
"8435629217768";"38"
"8435629217775";"47"
"8435629217782";"0"
"8435629217799";"33"
"8435629217805";"0"
"8435629217812";"40"
"8435629217829";"0"
"8435629217836";"46"
"8435629217843";"3"
"8435629217850";"98"
"8435629218376";"36"
"8435629218383";"43"
"8435629218390";"24"
"8435629218406";"139"
"8435629218413";"3"
"8435629218420";"24"
"8435629218437";"0"
"8435629218451";"0"
"8435629218468";"53"
"8435629218475";"0"
"8435629218499";"20"
"8435629218505";"80"
"8435629218550";"0"
"8435629218819";"0"
"8435629218826";"0"
"8435629219144";"47"
"8435629219151";"45"
"8435629219168";"32"
"8435629219175";"56"
"8435629219199";"69"
"8435629219205";"72"
"8435629219342";"0"
"8435629219359";"42"
"8435629219366";"39"
"8435629219373";"20"
"8435629219380";"18"
"8435629219397";"16"
"8435629219403";"0"
"8435629219410";"25"
"8435629219427";"31"
"8435629219533";"49"
"8435629219540";"52"
"8435629219557";"49"
"8435629219564";"57"
"8435629219571";"66"
"8435629219588";"52"
"8435629219595";"0"
"8435629219601";"0"
"8435629219618";"0"
"8435629219625";"0"
"8435629219632";"0"
"8435629219649";"0"
"8435629219656";"0"
"8435629219663";"29"
"8435629219670";"60"
"8435629219687";"0"
"8435629219694";"7"
"8435629219724";"377"
"8435629219731";"363"
"8435629219809";"0"
"8435629219816";"0"
"8435629219823";"0"
"8435629219830";"21"
"8435629219847";"0"
"8435629219854";"0"
"8435629219861";"0"
"8435629219878";"0"
"8435629219885";"0"
"8435629219953";"40"
"8435629219960";"30"
"8435629219977";"37"
"8435629219984";"0"
"8435629219991";"0"
"8435629220003";"0"
"8435629220010";"0"
"8435629220027";"0"
"8435629220034";"0"
"8435629220058";"62"
"8435629220065";"172"
"8435629220072";"0"
"8435629220089";"146"
"8435629220096";"336"
"8435629220102";"49"
"8435629220232";"33"
"8435629220249";"113"
"8435629220256";"43"
"8435629220263";"61"
"8435629220270";"124"
"8435629220287";"58"
"8435629220294";"48"
"8435629220300";"145"
"8435629220317";"39"
"8435629220454";"27"
"8499000700010";"0"
"8499000700027";"0"
"8499000700034";"0"
"8499000700058";"0"
"8499000700065";"0"
"8499000700072";"37"
"8499000700102";"0"
"8499000700126";"0"
"8499000700140";"0"
"8499000700157";"0"
"8499000700164";"53"
"8499000700195";"0"
"8499000700201";"0"
"8499000700225";"6"
"8499000700249";"62"
"8499000700256";"224"
"8499000700263";"154"
"8499000700317";"4"
"8499000700324";"5"
"8499000700331";"3"
"8499000700348";"0"
"8499000700355";"24"
"8499000700362";"24"
"8499000700379";"15"
"8499000700386";"24"
"8499000700393";"16"
"8499000700409";"23"
"8499000700416";"23"
"8499000700423";"22"
"8499000700430";"16"
"8499000700447";"3"
"8499000700454";"14"
"8499000700461";"16"
"8499000700485";"41"
"8499000700492";"45"
"8499000700515";"3"
"8499000700553";"7"
"8499000700560";"25"
"8499000700584";"21"
"8499000700591";"12"
"8499000700621";"65"
"8499000700638";"13"
"8499000700676";"4"
"8499000700683";"17"
"8499000700690";"52"
"8499000700713";"42"
"8499000700782";"0"
"8499000700799";"6"
"8499000700867";"0"
"8499000700874";"0"
"8499000700881";"39"
"8499000701178";"25"
"8499000701284";"7"
"8499000701314";"19"
"8499000701383";"110"
"8499000701475";"35"
"8499000701482";"37"
"8499000701505";"28"
"8499000701512";"17"
"8499000701536";"39"
"8499000701543";"62"
"8499000701550";"53"
"8499000701567";"88"
"8499000701574";"80"
"8499000701581";"122"
"8499000701598";"81"
"8499000701604";"235"
"8499000701611";"196"
"8499000701628";"177"
"8499000701635";"106"
"8499000701666";"0"
"8499000701673";"22"
"8499000701680";"26"
"8499000701710";"50"
"8499000701727";"32"
"8499000701765";"0"
"8499000701772";"12"
"8499000701796";"0"
"8499000701819";"11"
"8499000701826";"45"
"8499000701857";"0"
"8499000701901";"570"
"8499000701918";"292"
"8499000701925";"586"
"8499000701932";"125"
"8499000701949";"157"
"8499000701956";"140"
"8499000701963";"224"
"8499000701970";"244"
"8499000701987";"268"
"8499000701994";"273"
"8499000702007";"365"
"8499000702014";"397"
"8499000702038";"0"
"8499000702045";"241"
"8499000702052";"266"
"8499000702069";"246"
"8499000702076";"67"
"8499000702267";"0"
"8499000702274";"32"
"8499000702328";"0"
"8499000702373";"35"
"8499000702380";"25"
"8499000702397";"10"
"8499000702410";"53"
"8499000702427";"44"
"8499000702441";"9"
"8499000702458";"40"
"8499000702472";"27"
"8499000702489";"29"
"8499000702502";"33"
"8499000702519";"59"
"8499000702533";"50"
"8499000702540";"12"
"8499000702557";"4"
"8499000702564";"42"
"8499000702571";"11"
"8499000702595";"0"
"8499000702618";"6"
"8499000702625";"7"
"8499000702632";"35"
"8499000702649";"46"
"8499000702656";"81"
"8499000702663";"498"
"8499000702670";"160"
"8499000702687";"444"
"8499000702694";"478"
"8499000702700";"451"
"8499000702717";"284"
"8499000702724";"27"
"8499000702731";"553"
"8499000702748";"60"
"8499000702793";"81"
"8499000702830";"14"
"8499000702885";"7"
"8499000702892";"9"
"8499000702908";"43"
"8499000702946";"0"
"8499000703028";"28"
"8499000703035";"27"
"8499000703073";"4"
"8499000703097";"4"
"8499000703172";"55"
"8499000704278";"9"
"8499000704445";"17"
"8499000704469";"8"
"8499000704483";"19"
"8499000704506";"24"
"8499000704513";"16"
"8499000704537";"21"
"8499000704551";"51"
"8499000704568";"11"
"8499000704575";"6"
"8499000704582";"19"
"8499000704605";"29"
"8499000704612";"12"
"8499000704780";"47"
"8499000704803";"136"
"8499000704827";"0"
"8499000704834";"0"
"8499000704841";"0"
"8499000704926";"0"
"8499000704933";"3"
"8499000705084";"11"
"8499000705091";"0"
"8499000705107";"0"
"8499000705152";"46"
"8499000705169";"35"
"8499000705329";"28"
"8499000705350";"0"
"8499000705398";"5"
"8499000705558";"41"
"8499000705640";"232"
"8499000705657";"171"
"8499000705664";"216"
"8499000705671";"35"
"8499000705695";"317"
"8499000705718";"0"
"8499000705725";"0"
"8499000705770";"0"
"8499000705787";"0"
"8499000705800";"69"
"8499000705817";"3"
"8499000705824";"33"
"8499000705893";"0"
"8499000705916";"10"
"8499000705930";"0"
"8499000705978";"0"
"8499000705985";"0"
"8499000706029";"4"
"8499000706036";"3"
"8499000706050";"0"
"8499000706449";"3"
"8499000706456";"10"
"8499000706463";"6"
"8499000706562";"47"
"8499000706579";"48"
"8499000706586";"12"
"8499000706593";"97"
"8499000706616";"165"
"8499000706623";"57"
"8499000706630";"225"
"8499000706647";"146"
"8499000706654";"205"
"8499000706661";"148"
"8499000706708";"380"
"8499000706715";"444"
"8499000706722";"408"
"8499000706760";"0"
"8499000706777";"0"
"8499000706784";"0"
"8499000706791";"278"
"8499000706807";"222"
"8499000706814";"170"
"8499000706876";"8"
"8499000706883";"14"
"8499000706937";"0"
"8499000707019";"174"
"8499000707026";"161"
"8499000707033";"146"
"8499000707125";"0"
"8499000707149";"0"
"8499000707262";"24"
"8499000707286";"0"
"8499000707354";"26"
"8499000707385";"11"
"8499000707408";"0"
"8499000707439";"10"
"8499000707453";"0"
"8499000707507";"42"
"8499000707521";"42"
"8499000707545";"11"
"8499000707729";"0"
"8499000707736";"0"
"8499000707750";"0"
"8499000707781";"0"
"8499000707842";"0"
"8499000707859";"0"
"8499000707866";"0"
"8499000707873";"14"
"8499000707880";"6"
"8499000707897";"35"
"8499000707903";"23"
"8499000707910";"0"
"8499000707927";"0"
"8499000707934";"0"
"8499000707965";"4"
"8499000707989";"4"
"8499000708436";"16"
"8499000708467";"21"
"8499000708474";"25"
"8499000708481";"15"
"8499000708498";"15"
"8499000708504";"32"
"8499000708511";"4"
"8499000708559";"5"
"8499000708566";"0"
"8499000708610";"94"
"8499000708627";"7"
"8499000708634";"0"
"8499000708924";"276"
"8499000708931";"338"
"8499000708948";"275"
"8499000709020";"4"
"8499000709037";"0"
"8499000709150";"0"
"8499000709174";"0"
"8499000709181";"0"
"8499000709211";"47"
"8499000709228";"25"
"8499000709273";"12"
"8499000709280";"9"
"8499000709297";"15"
"8499000709303";"20"
"8499000709310";"18"
"8499000709334";"10"
"8499000709341";"16"
"8499000709358";"14"
"8499000709365";"21"
"8499000709372";"19"
"8499000709389";"23"
"8499000709396";"20"
"8499000709419";"0"
"8499000709426";"0"
"8499000709433";"0"
"8499000709471";"0"
"8499000709488";"31"
"8499000709495";"29"
"8499000709501";"22"
"8499000709518";"18"
"8499000709525";"17"
"8499000709556";"29"
"8499000709563";"29"
"8499000709570";"30"
"8499000709587";"32"
"8499000709594";"31"
"8499000709600";"32"
"8499000709617";"0"
"8499000709624";"0"
"8499000709631";"0"
"8499000709648";"0"
"8499000709709";"35"
"8499000709716";"22"
"8499000709723";"5"
"8499000709730";"51"
"8499000709747";"0"
"8499000709754";"23"
"8499000709822";"0"
"8499000709907";"38"
"8499000711221";"16"
"8499000711238";"16"
"8499000711245";"4"
"8499000711474";"0"
"8499000711559";"0"
"8499000712037";"252"
"8499000712051";"72"
"8499000712068";"42"
"8499000712075";"59"
"8499000713300";"18"
"8499000713317";"28"
"8499000713324";"15"
"8499000713614";"13"
"8499000713621";"29"
"8499000713683";"0"
"8499000713744";"4"
"8499000713928";"0"
"8499000714123";"16"
"8499000714253";"6"
"8499000714369";"11"
"8499000714406";"19"
"8499000714536";"0"
"8499000714659";"16"
"8499000714680";"5"
"8499000714710";"7"
"8499000714758";"7"
"8499000714796";"75"
"8499000714802";"39"
"8499000714819";"47"
"8499000714833";"74"
"8499000714840";"60"
"8499000715014";"4"
"8499000715076";"3"
"8499000715137";"4"
"8499000715175";"12"
"8499000715199";"22"
"8499000715212";"68"
"8499000715250";"69"
"8499000715458";"11"
"8499000715496";"11"
"8499000715533";"28"
"8499000715557";"11"
"8499000715571";"22"
"8499000715595";"11"
"8499000715632";"0"
"8499000715656";"12"
"8499000715670";"6"
"8499000715748";"32"
"8499000715809";"5"
"8499000715823";"14"
"8499000715830";"10"
"8499000715847";"15"
"8499000715885";"17"
"8499000715922";"12"
"8499000715991";"4"
"8499000716004";"12"
"8499000716059";"23"
"8499000716066";"4"
"8499000716080";"13"
"8499000716097";"15"
"8499000716127";"0"
"8499000716134";"14"
"8499000716141";"4"
"8499000716158";"5"
"8499000716165";"25"
"8499000717391";"3"
"8499000717407";"4"
"8499000717414";"0"
"8499000718350";"22"
"8499000718404";"28"
"8499000718411";"11"
"8499000718428";"11"
"8499000719234";"0"
"8499000719241";"0"
"8499000719258";"0"
"8499000719296";"34"
"8499000719302";"142"
"8499000719319";"84"
"8499000719326";"75"
"8499000719333";"93"
"8499000719340";"361"
"8499000719357";"229"
"8499000719364";"210"
"8499000719425";"213"
"8499000719432";"309"
"8499000719449";"198"
"8499000719456";"83"
"8499000719463";"118"
"8499000719470";"30"
"8499000719487";"65"
"8499000719494";"99"
"8499000719500";"60"
"8499000719517";"36"
"8499000719524";"387"
"8499000719531";"371"
"8499000719548";"317"
"8499000719562";"106"
"8499000719609";"403"
"8499000719616";"403"
"8499000719623";"302"
"8499000721923";"77"
"8499000721947";"4"
"8499000722135";"63"
"8499000722500";"24"
"8499000722791";"10"
"8499000722807";"8"
"8499000722814";"10"
"8499000722821";"35"
"8499000723057";"329"
"8499000723064";"264"
"8499000723071";"273"
"8499000723088";"119"
"8499000723095";"79"
"8499000723101";"0"
"8499000723118";"447"
"8499000723125";"182"
"8499000723132";"297"
"8499000726010";"11"
"8499000726027";"7"
"8499000726096";"37"
"8499000726126";"61"
"8499000726607";"20"
"8499000726614";"35"
"8499000726638";"16"
"8499000727437";"11"
"8499000727444";"24"
"8499000727543";"8"
"8499000727574";"37"
"8499000728205";"31"
"8499000728595";"8"
"8499000728762";"10"
"8499000728977";"18"
"8499000729868";"12"
"8499000729936";"14"
"8499000729967";"4"
"8499000729974";"43"
"8499000730017";"52"
"8499000730987";"8"
"8499000731052";"24"
"8499000731816";"3"
"8499000731823";"5"
"8499000731830";"22"
"8499000731908";"10"
"8499000731915";"15"
"8499000731946";"29"
"8499000732066";"4"
"8499000732110";"3"
"8499000732158";"0"
"8499000732189";"0"
"8499000732288";"215"
"8499000732400";"25"
"8499000732530";"20"
"8499000732905";"20"
"8499000732998";"11"
"8499000733001";"21"
"8499000733094";"4"
"8499000733100";"3"
"8499000733148";"3"
"8499000733155";"0"
"8499000733216";"7"
"8499000733223";"13"
"8499000733247";"14"
"8499000733254";"17"
"8499000733261";"19"
"8499000733278";"17"
"8499000733308";"10"
"8499000733940";"0"
"8499000734312";"30"
"8499000734329";"4"
"8499000734381";"38"
"8499000734459";"15"
"8499000734497";"18"
"8499000734503";"15"
"8499000734510";"10"
"8499000734527";"46"
"8499000734534";"14"
"8499000735593";"15"
"8499000735678";"0"
"8499000735692";"17"
"8499000735715";"8"
"8499000735722";"29"
"8499000735739";"16"
"8499000735753";"19"
"8499000736965";"107"
"8499000736972";"27"
"8499000737504";"0"
"8499000737566";"4"
"8499000737849";"8"
"8499000737863";"13"
"8499000737894";"19"
"8499000737900";"24"
"8499000737924";"12"
"8499000738198";"5"
"8499000738402";"18"
"8499000738426";"15"
"8499000738464";"22"
"8499000738570";"18"
"8499000738587";"28"
"8499000738594";"25"
"8499000738600";"31"
"8499000738693";"0"
"8499000738716";"19"
"8499000738723";"16"
"8499000738730";"4"
"8499000738792";"37"
"8499000738815";"10"
"8499000738822";"17"
"8499000738921";"20"
"8499000738969";"32"
"8499000740160";"0"
"8499000740177";"0"
"8499000740511";"0"
"8499000740627";"84"
"8499000740634";"82"
"8499000740641";"66"
"8499000740658";"72"
"8499000740665";"229"
"8499000740672";"152"
"8499000740689";"339"
"8499000740696";"308"
"8499000740702";"122"
"8499000740719";"78"
"8499000740726";"249"
"8499000740733";"191"
"8499000740979";"10"
"8499000741143";"67"
"8499000741266";"26"
"8499000741273";"11"
"8499000741280";"30"
"8499000741297";"20"
"8499000741303";"30"
"8499000741440";"0"
"8499000741587";"13"
"8499000741600";"85"
"8499000741679";"3"
"8499000742027";"17"
"8499000742126";"18"
"8499000742218";"4"
"8499000742249";"10"
"8499000743338";"4"
"8499000743345";"21"
"8499000743369";"11"
"8499000743413";"7"
"8499000744083";"23"
"8499000745301";"164"
"8499000745318";"252"
"8499000745325";"181"
"8499000745332";"89"
"8499000745370";"11"
"8499000745684";"43"
"8499000745691";"34"
"8499000745707";"38"
"8499000745714";"23"
"8499000745752";"4"
"8499000745776";"17"
"8499000745837";"4"
"8499000745844";"0"
"8499000745851";"0"
"8499000745899";"4"
"8499000745905";"0"
"8499000746650";"4"
"8499000746667";"17"
"8499000746698";"6"
"8499000746704";"15"
"8499000746841";"60"
"8499000746865";"13"
"8499000746889";"14"
"8499000747183";"22"
"8499000747404";"39"
"8499000747411";"9"
"8499000747480";"13"
"8499000747541";"13"
"8499000747596";"28"
"8499000747602";"30"
"8499000747633";"9"
"8499000747756";"3"
"8499000747763";"4"
"8499000747886";"10"
"8499000747930";"24"
"8499000748531";"0"
"8499000748760";"0"
"8499000748784";"4"
"8499000748814";"26"
"8499000748821";"5"
"8499000748852";"32"
"8499000750503";"0"
"8499000750527";"2275"
"8499000750534";"1139"
"8499000750541";"1301"
"8499000750558";"4767"
"8499000750565";"2452"
"8499000750572";"31"
"8499000750589";"2128"
"8499000750596";"1110"
"8499000750602";"325"
"8499000750619";"276"
"8499000750626";"2121"
"8499000750633";"1686"
"8499000750640";"1307"
"8499000750657";"535"
"8499000750664";"1661"
"8499000750671";"416"
"8499000750688";"591"
"8499000750695";"916"
"8499000750701";"624"
"8499000750718";"703"
"8499000750725";"1476"
"8499000750732";"808"
"8499000750749";"649"
"8499000750756";"1403"
"8499000750763";"480"
"8499000750770";"643"
"8499000750787";"388"
"8499000750794";"408"
"8499000750800";"461"
"8499000750848";"0"
"8499000750862";"5"
"8499000750893";"4"
"8499000751166";"57"
"8499000751807";"61"
"8499000752125";"4"
"8499000752156";"186"
"8499000752194";"4"
"8499000752224";"0"
"8499000752231";"0"
"8499000752255";"26"
"8499000752262";"96"
"8499000752279";"78"
"8499000752774";"46"
"8499000752798";"29"
"8499000753023";"139"
"8499000753030";"450"
"8499000753047";"92"
"8499000753061";"115"
"8499000753078";"96"
"8499000753313";"66"
"8499000753535";"4"
"8499000753566";"4"
"8499000753641";"3"
"8499000753702";"0"
"8499000753788";"6"
"8499000754297";"11"
"8499000754303";"51"
"8499000755416";"3"
"8499000755430";"3"
"8499000755447";"4"
"8499000755492";"4"
"8499000755522";"4"
"8499000755539";"0"
"8499000755553";"4"
"8499000755577";"0"
"8499000755607";"11"
"8499000755614";"21"
"8499000757649";"3"
"8499000757694";"3"
"8499000757854";"0"
"8499000757885";"0"
"8499000757892";"24"
"8499000757908";"24"
"8499000757960";"258"
"8499000757977";"222"
"8499000758004";"21"
"8499000758011";"0"
"8499000758028";"4"
"8499000758035";"7"
"8499000758042";"53"
"8499000758059";"374"
"8499000758073";"13"
"8499000758103";"37"
"8499000758127";"20"
"8499000758141";"11"
"8499000758165";"16"
"8499000758189";"27"
"8499000758196";"12"
"8499000758202";"24"
"8499000758219";"18"
"8499000758226";"17"
"8499000758257";"11"
"8499000758554";"21"
"8499000758585";"0"
"8499000758592";"60"
"8499000758660";"24"
"8499000758721";"18"
"8499000758776";"194"
"8499000758783";"157"
"8499000758790";"238"
"8499000758806";"96"
"8499000758813";"83"
"8499000758875";"51"
"8499000758929";"188"
"8499000758936";"258"
"8499000758950";"227"
"8499000758967";"186"
"8499000758974";"271"
"8499000759018";"4"
"8499000759049";"20"
"8499000759063";"21"
"8499000759070";"30"
"8499000759087";"14"
"8499000759094";"29"
"8499000759230";"12"
"8499000759278";"6"
"8499000759360";"26"
"8499000759384";"16"
"8499000759407";"33"
"8499000759421";"19"
"8499000759469";"12"
"8499000759599";"30"
"8499000759667";"4"
"8499000760298";"10"
"8499000760304";"40"
"8499000760403";"37"
"8499000760533";"30"
"8499000760540";"24"
"8499000760557";"12"
"8499000760564";"32"
"8499000760649";"4"
"8499000760663";"17"
"8499000760670";"45"
"8499000760687";"31"
"8499000760694";"172"
"8499000760700";"232"
"8499000760755";"159"
"8499000760762";"7"
"8499000760779";"203"
"8499000760786";"66"
"8499000760793";"32"
"8499000760809";"160"
"8499000760823";"91"
"8499000760885";"34"
"8499000761318";"3"
"8499000761325";"0"
"8499000761363";"22"
"8499000761370";"0"
"8499000761424";"35"
"8499000761431";"33"
"8499000761448";"44"
"8499000763299";"24"
"8499000763305";"3"
"8499000763312";"0"
"8499000763442";"25"
"8499000763459";"13"
"8499000763466";"4"
"8499000764586";"13"
"8499000764593";"5"
"8499000764609";"12"
"8499000764623";"28"
"8499000764630";"25"
"8499000764661";"0"
"8499000764685";"4"
"8499000764692";"0"
"8499000764708";"0"
"8499000764715";"3"
"8499000764845";"0"
"8499000764883";"4"
"8499000764890";"0"
"8499000764906";"0"
"8499000765354";"68"
"8499000765361";"11"
"8499000765408";"26"
"8499000765446";"9"
"8499000765507";"29"
"8499000765552";"21"
"8499000765569";"36"
"8499000765606";"16"
"8499000765613";"44"
"8499000765620";"54"
"8499000766368";"3"
"8499000766450";"9"
"8499000766559";"64"
"8499000767044";"0"
"8499000767051";"79"
"8499000767068";"23"
"8499000767075";"81"
"8499000767082";"19"
"8499000767112";"30"
"8499000767129";"266"
"8499000767136";"147"
"8499000767143";"161"
"8499000767150";"237"
"8499000767181";"22"
"8499000767204";"34"
"8499000767228";"46"
"8499000767242";"15"
"8499000767280";"51"
"8499000767310";"15"
"8499000767327";"95"
"8499000767358";"115"
"8499000767563";"0"
"8499000767594";"51"
"8499000768416";"3"
"8499000768430";"0"
"8499000768485";"0"
"8499000770808";"245"
"8499000770983";"0"
"8499000770990";"81"
"8499000771065";"2544"
"8499000771072";"2714"
"8499000771089";"418"
"8499000772338";"22"
"8499000772475";"15"
"8499000772482";"20"
"8499000772505";"3"
"8499000772512";"7"
"8499000772529";"46"
"8499000772543";"0"
"8499000772871";"15"
"8499000772901";"5"
"8499000772963";"0"
"8499000773113";"6"
"8499000773137";"14"
"8499000773151";"17"
"8499000774189";"29"
"8499000774196";"33"
"8499000774202";"0"
"8499000774226";"0"
"8499000774240";"55"
"8499000774271";"0"
"8499000774349";"3"
"8499000774356";"3"
"8499000774363";"104"
"8499000774370";"7"
"8499000774417";"34"
"8499000774806";"86"
"8499000774813";"77"
"8499000774837";"0"
"8499000774844";"52"
"8499000774851";"12"
"8499000774998";"100"
"8499000775001";"43"
"8499000775018";"57"
"8499000775179";"0"
"8499000775186";"0"
"8499000775292";"16"
"8499000775346";"63"
"8499000775360";"35"
"8499000775377";"27"
"8499000775384";"0"
"8499000775414";"61"
"8499000775421";"21"
"8499000775438";"46"
"8499000775469";"96"
"8499000775476";"4"
"8499000775513";"119"
"8499000775728";"63"
"8499000775742";"39"
"8499000775766";"14"
"8499000775780";"27"
"8499000775872";"0"
"8499000775919";"0"
"8499000775926";"4"
"8499000775933";"0"
"8499000776114";"13"
"8499000776268";"18"
"8499000776275";"69"
"8499000776299";"12"
"8499000776343";"0"
"8499000776350";"6"
"8499000776367";"0"
"8499000776404";"355"
"8499000776411";"182"
"8499000776510";"11"
"8499000776527";"13"
"8499000776565";"0"
"8499000776596";"33"
"8499000776664";"14"
"8499000776732";"0"
"8499000776749";"0"
"8499000776800";"0"
"8499000776855";"0"
"8499000776923";"15"
"8499000776961";"16"
"8499000777012";"4"
"8499000777029";"89"
"8499000777036";"13"
"8499000777043";"18"
"8499000777791";"0"
"8499000777807";"4"
"8499000777821";"4"
"8499000777906";"107"
"8499000777920";"4"
"8499000777968";"41"
"8499000777975";"30"
"8499000777982";"5"
"8499000778187";"19"
"8499000778262";"4"
"8499000778286";"172"
"8499000778330";"0"
"8499000778347";"24"
"8499000778361";"34"
"8499000778408";"0"
"8499000778415";"0"
"8499000778422";"0"
"8499000778439";"0"
"8499000778446";"0"
"8499000778460";"4"
"8499000778507";"14"
"8499000778514";"41"
"8499000778606";"9"
"8499000778972";"44"
"8499000778989";"20"
"8499000778996";"53"
"8499000779009";"16"
"8499000779023";"9"
"8499000779047";"0"
"8499000779061";"0"
"8499000779108";"0"
"8499000779177";"0"
"8499000779207";"37"
"8499000779214";"0"
"8499000779221";"411"
"8499000779276";"10"
"8499000779467";"374"
"8499000779481";"92"
"8499000779498";"237"
"8499000779504";"90"
"8499000779511";"204"
"8499000779528";"274"
"8499000779535";"14"
"8499000779542";"4"
"8499000779559";"325"
"8499000779566";"121"
"8499000779580";"180"
"8499000779597";"28"
"8499000779603";"84"
"8499000779627";"0"
"8499000779948";"31"
"8499000779955";"9"
"8499000780197";"46"
"8499000780449";"10"
"8499000780463";"16"
"8499000780555";"56"
"8499000780562";"127"
"8499000780579";"84"
"8499000780586";"77"
"8499000780661";"24"
"8499000780722";"6"
"8499000780753";"15"
"8499000780760";"109"
"8499000781354";"15"
"8499000781514";"57"
"8499000781521";"46"
"8499000781538";"69"
"8499000781545";"22"
"8499000781583";"20"
"8499000781590";"0"
"8499000781682";"33"
"8499000781699";"30"
"8499000781705";"32"
"8499000781736";"6"
"8499000781828";"81"
"8499000781842";"12"
"8499000781859";"4"
"8499000781897";"22"
"8499000782528";"0"
"8499000782863";"3"
"8499000783358";"28"
"8499000783396";"12"
"8499000784065";"25"
"8499000784638";"12"
"8499000784645";"20"
"8499000784652";"27"
"8499000785338";"6"
"8499000785345";"12"
"8499000785352";"8"
"8499000785369";"10"
"8499000785376";"17"
"8499000785383";"9"
"8499000785390";"6"
"8499000785406";"10"
"8499000785413";"27"
"8499000785420";"0"
"8499000785437";"4"
"8499000787752";"3"
"8499000787776";"3"
"8499000787790";"5"
"8499000787868";"10"
"8499000787882";"673"
"8499000787899";"813"
"8499000787905";"290"
"8499000787912";"787"
"8499000787936";"48"
"8499000788056";"457"
"8499000788063";"491"
"8499000788070";"427"
"8499000788087";"126"
"8499000788254";"37"
"8499000788261";"21"
"8499000788292";"39"
"8499000788421";"4"
"8499000788445";"14"
"8499000788452";"43"
"8499000788469";"8"
"8499000788476";"0"
"8499000788490";"20"
"8499000788506";"29"
"8499000788513";"16"
"8499000788520";"3"
"8499000788544";"0"
"8499000788551";"4"
"8499000788575";"0"
"8499000788612";"305"
"8499000788629";"141"
"8499000788636";"127"
"8499000788643";"71"
"8499000788667";"96"
"8499000788674";"117"
"8499000788681";"78"
"8499000788704";"89"
"8499000788728";"83"
"8499000788735";"254"
"8499000788742";"35"
"8499000788759";"4"
"8499000788766";"3"
"8499000788803";"104"
"8499000788810";"15"
"8499000788827";"674"
"8499000788834";"482"
"8499000788841";"141"
"8499000788858";"280"
"8499000788865";"269"
"8499000788872";"8"
"8499000788889";"116"
"8499000788926";"16"
"8499000788957";"8"
"8499000788971";"4"
"8499000788988";"10"
"8499000789008";"4"
"8499000789077";"0"
"8499000789084";"3"
"8499000789107";"0"
"8499000789169";"331"
"8499000789176";"165"
"8499000789183";"156"
"8499000789220";"0"
"8499000789282";"5"
"8499000789398";"20"
"8499000789459";"170"
"8499000789527";"44"
"8499000789558";"4"
"8499000789602";"3"
"8499000789626";"1441"
"8499000789633";"81"
"8499000789640";"197"
"8499000789657";"50"
"8499000789749";"54"
"8499000789817";"15"
"8499000789848";"12"
"8499000789862";"150"
"8499000789893";"114"
"8499000789961";"84"
"8499000790073";"0"
"8499000790141";"0"
"8499000790196";"0"
"8499000790202";"4"
"8499000790240";"9"
"8499000790264";"20"
"8499000790332";"87"
"8499000790394";"23"
"8499000790462";"4"
"8499000790677";"27"
"8499000790691";"21"
"8499000790783";"3"
"8499000790905";"27"
"8499000790943";"3"
"8499000791131";"0"
"8499000791230";"65"
"8499000791254";"3"
"8499000791278";"13"
"8499000791308";"53"
"8499000791315";"37"
"8499000791322";"43"
"8499000791339";"0"
"8499000792206";"11"
"8499000792213";"28"
"8499000792220";"152"
"8499000792268";"75"
"8499000792305";"30"
"8499000792329";"3"
"8499000792367";"11"
"8499000792381";"18"
"8499000792428";"5"
"8499000792466";"7"
"8499000792473";"0"
"8499000792480";"32"
"8499000792497";"8"
"8499000792510";"68"
"8499000792534";"125"
"8499000792572";"39"
"8499000792589";"116"
"8499000792596";"96"
"8499000792602";"107"
"8499000792619";"1883"
"8499000792633";"19"
"8499000792657";"4"
"8499000793111";"8"
"8499000793128";"0"
"8499000793135";"0"
"8499000793159";"4"
"8499000793166";"0"
"8499000793173";"18"
"8499000793180";"55"
"8499000793241";"13"
"8499000793289";"0"
"8499000793296";"4"
"8499000793357";"15"
"8499000793364";"22"
"8499000793371";"6"
"8499000793531";"4"
"8499000793548";"4"
"8499000793869";"13"
"8499000793876";"3"
"8499000793883";"3"
"8499000793937";"0"
"8499000793968";"0"
"8499000794019";"3"
"8499000794026";"7"
"8499000794156";"35"
"8499000794170";"40"
"8499000794187";"34"
"8499000795092";"14"
"8499000795146";"6"
"8499000795306";"3"
"8499000795375";"0"
"8499000795412";"5"
"8499000795597";"0"
"8499000795603";"0"
"8499000795627";"4"
"8499000795634";"48"
"8499000795641";"0"
"8499000795658";"3"
"8499000795672";"0"
"8499000795689";"7"
"8499000795696";"17"
"8499000795702";"57"
"8499000796259";"13"
"8499000796525";"62"
"8499000796532";"47"
"8499000796549";"16"
"8499000796556";"12"
"8499000796563";"6"
"8499000796570";"8"
"8499000796587";"30"
"8499000796594";"33"
"8499000796600";"50"
"8499000796617";"25"
"8499000796624";"42"
"8499000796631";"18"
"8499000796648";"38"
"8499000796655";"15"
"8499000796662";"26"
"8499000796679";"0"
"8499000796686";"0"
"8499000796693";"19"
"8499000796709";"28"
"8499000796716";"21"
"8499000796723";"37"
"8499000796761";"0"
"8499000796808";"3"
"8499000796822";"4"
"8499000796846";"4"
"8499000796853";"3"
"8499000796891";"9"
"8499000796938";"4"
"8499000796983";"32"
"8499000796990";"7"
"8499000797003";"8"
"8499000797898";"4"
"8499000797904";"3"
"8499000798000";"142"
"8499000798017";"219"
"8499000798024";"257"
"8499000798031";"0"
"8499000798215";"0"
"8499000798222";"0"
"8499000798239";"79"
"8499000798246";"165"
"8499000798253";"0"
"8499000798260";"102"
"8499000798567";"208"
"8499000798598";"38"
"8499000798611";"57"
"8499000798642";"41"
"8499000798666";"148"
"8499000798673";"25"
"8499000798703";"124"
"8499000798710";"156"
"8499000798727";"228"
"8499000798734";"352"
"8499000798741";"250"
"8499000798765";"186"
"8499000798796";"0"
"8499000798819";"88"
"8499000798826";"17"
"8499000798833";"18"
"8499000798840";"0"
"8499000798857";"29"
"8499000798888";"327"
"8499000798895";"457"
"8499000798901";"174"
"8499000798918";"26"
"8499000798925";"145"
"8499000798932";"29"
"8499000798949";"18"
"8499000798956";"4"
"8499000798963";"51"
"8499000798987";"66"
"8499000798994";"0"
"8499000799007";"43"
"8499000799014";"48"
"8499000799021";"42"
"8499000799038";"58"
"8499000799045";"40"
"8499000799052";"6"
"8499000799069";"0"
"8499000799083";"6"
"8499000799090";"19"
"8499000799106";"14"
"8499000799113";"4"
"8499000799120";"121"
"8499000799137";"35"
"8499000799144";"229"
"8499000799151";"120"
"8499000799168";"77"
"8499000799199";"102"
"8499000799205";"0"
"8499000799212";"12"
"8499000799243";"44"
"8499000799250";"118"
"8499000799267";"0"
"8499000799274";"0"
"8499000799281";"20"
"8499000799298";"144"
"8499000799304";"202"
"8499000799311";"134"
"8499000799328";"448"
"8499000799335";"183"
"8499000799342";"54"
"8499000799359";"119"
"8499000799366";"37"
"8499000799373";"287"
"8499000799380";"319"
"8499000799397";"20"
"8499000799403";"250"
"8499000799410";"146"
"8499000799427";"118"
"8499000799434";"4"
"8499000799441";"306"
"8499000799458";"353"
"8499000799496";"163"
"8499000799502";"61"
"8499000799519";"110"
"8499000799526";"163"
"8499000799540";"59"
"8499000799557";"184"
"8499000799564";"250"
"8499000799571";"150"
"8499000799588";"59"
"8499000799618";"553"
"8499000799625";"450"
"8499000799632";"112"
"8499000799663";"353"
"8499000799670";"653"
"8499000799687";"39"
"8499000799694";"187"
"8499000799700";"373"
"8499000799717";"264"
"8499000799779";"20"
"8499000799830";"25"
"8499000799854";"28"
"8499000799861";"79"
"8499000799878";"28"
"8499000799885";"53"
"8499000799892";"129"
"8499000799908";"103"
"8499000799915";"35"
"8499000799922";"120"
"8499000799939";"80"
"8499000799946";"107"
"8499000799953";"0"
"8499000799960";"0"
"8499000799977";"0"
"8499000799984";"50"
"8499000799991";"0"
"8499000800055";"117"
"8499000804091";"76"
"8499000805463";"26"
"8499000805548";"15"
"8499000805555";"14"
"8499000805579";"16"
"8499000806620";"135"
"8499000806729";"23"
"8499000806736";"21"
"8499000806743";"40"
"8499000806767";"20"
"8499000806774";"19"
"8499000806804";"18"
"8499000806989";"31"
"8499000807139";"87"
"8499000807146";"27"
"8499000807153";"16"
"8499000807160";"32"
"8499000807245";"28"
"8499000812768";"11"
"8499000812775";"23"
"8499000812782";"23"
"8499000812805";"0"
"8499000812836";"13"
"8499000812843";"16"
"8499000812850";"20"
"8499000813901";"207"
"8499000814212";"15"
"8499000814274";"19"
"8499000814847";"34"
"8499000814854";"23"
"8499000814960";"22"
"8499000814977";"5"
"8499000814984";"30"
"8499000814991";"17"
"8499000815004";"20"
"8499000815011";"16"
"8499000815028";"22"
"8499000815035";"20"
"8499000815110";"36"
"8499000815127";"38"
"8499000815134";"26"
"8499000815141";"39"
"8499000815158";"31"
"8499000815165";"35"
"8499000815172";"11"
"8499000815578";"15"
"8499000815608";"6"
"8499000815615";"17"
"8499000815646";"16"
"8499000815684";"17"
"8499000816810";"8"
"8499000817237";"27"
"8499000817312";"7"
"8499000817329";"20"
"8499000817374";"4"
"8499000817510";"45"
"8499000817527";"44"
"8499000817732";"5"
"8499000817848";"24"
"8499000818081";"51"
"8499000818098";"94"
"8499000818104";"67"
"8499000818203";"108"
"8499000818210";"57"
"8499000818258";"17"
"8499000818524";"21"
"8499000818579";"20"
"8499000818616";"18"
"8499000818654";"20"
"8499000818678";"18"
"8499000818692";"15"
"8499000818708";"27"
"8499000818739";"17"
"8499000818777";"90"
"8499000818784";"7"
"8499000818791";"38"
"8499000819149";"81"
"8499000819156";"17"
"8499000819200";"129"
"8499000819217";"108"
"8499000819361";"118"
"8499000819378";"161"
"8499000819439";"105"
"8499000819460";"90"
"8499000819477";"88"
"8499000819576";"14"
"8499000819583";"53"
"8499000819620";"0"
"8499000819651";"88"
"8499000819712";"44"
"8499000819781";"59"
"8499000819798";"243"
"8499000819804";"180"
"8499000819811";"10"
"8499000819989";"12"
"8499000820091";"43"
"8499000820114";"39"
"8499000820121";"28"
"8499000820138";"45"
"8499000820152";"20"
"8499000820619";"0"
"8499000821203";"28"
"8499000821227";"259"
"8499000821234";"208"
"8499000821241";"259"
"8499000821654";"157"
"8499000821661";"124"
"8499000821678";"31"
"8499000821685";"25"
"8499000821692";"52"
"8499000821791";"14"
"8499000822057";"114"
"8499000822538";"18"
"8499000822545";"8"
"8499000822651";"16"
"8499000822705";"28"
"8499000822712";"18"
"8499000822736";"44"
"8499000822743";"43"
"8499000822781";"32"
"8499000823238";"12"
"8499000823313";"29"
"8499000823474";"11"
"8499000823689";"0"
"8499000823696";"21"
"8499000823764";"7"
"8499000823771";"22"
"8499000823788";"33"
"8499000823887";"162"
"8499000823894";"110"
"8499000823917";"62"
"8499000823924";"104"
"8499000823986";"4"
"8499000823993";"50"
"8499000824006";"10"
"8499000824044";"25"
"8499000824945";"9"
"8499000824969";"10"
"8499000824976";"36"
"8499000824983";"50"
"8499000824990";"51"
"8499000825003";"48"
"8499000825027";"18"
"8499000825096";"42"
"8499000825119";"19"
"8499000825126";"64"
"8499000825133";"23"
"8499000825263";"29"
"8499000825379";"17"
"8499000825386";"0"
"8499000825409";"17"
"8499000825416";"0"
"8499000826550";"15"
"8499000826697";"18"
"8499000826703";"16"
"8499000826826";"0"
"8499000826888";"16"
"8499000826925";"17"
"8499000826994";"14"
"8499000827106";"20"
"8499000827113";"4"
"8499000827304";"51"
"8499000827373";"9"
"8499000827588";"32"
"8499000827595";"127"
"8499000827601";"42"
"8499000827618";"21"
"8499000827632";"310"
"8499000827649";"365"
"8499000827656";"267"
"8499000827717";"23"
"8499000827724";"138"
"8499000827755";"28"
"8499000827762";"319"
"8499000827779";"385"
"8499000827786";"341"
"8499000827793";"12"
"8499000827847";"188"
"8499000827854";"93"
"8499000827861";"89"
"8499000827878";"185"
"8499000827885";"131"
"8499000827892";"176"
"8499000827908";"181"
"8499000827915";"163"
"8499000827922";"57"
"8499000827939";"69"
"8499000827977";"199"
"8499000827984";"194"
"8499000827991";"198"
"8499000828059";"296"
"8499000828066";"292"
"8499000828073";"300"
"8499000828158";"1150"
"8499000828165";"40"
"8499000828172";"821"
"8499000828189";"50"
"8499000828196";"0"
"8499000828202";"15"
"8499000828219";"140"
"8499000828226";"0"
"8499000828592";"8"
"8499000828608";"57"
"8499000828721";"206"
"8499000828738";"23"
"8499000828745";"114"
"8499000828752";"105"
"8499000829018";"67"
"8499000829247";"0"
"8499000829599";"3"
"8499000829605";"29"
"8499000829612";"34"
"8499000829629";"23"
"8499000829636";"69"
"8499000829643";"61"
"8499000829742";"42"
"8499000829780";"45"
"8499000830038";"22"
"8499000830052";"11"
"8499000830106";"60"
"8499000830113";"163"
"8499000830250";"43"
"8499000830267";"37"
"8499000830274";"5"
"8499000830281";"285"
"8499000830700";"20"
"8499000830717";"25"
"8499000831073";"128"
"8499000832124";"4"
"8499000832353";"27"
"8499000832513";"285"
"8499000832605";"22"
"8499000832940";"11"
"8499000833206";"19"
"8499000833220";"11"
"8499000833299";"17"
"8499000833329";"72"
"8499000833367";"9"
"8499000833992";"102"
"8499000834012";"33"
"8499000834043";"20"
"8499000834241";"9"
"8499000834265";"7"
"8499000834524";"14"
"8499000834562";"19"
"8499000834579";"5"
"8499000834609";"12"
"8499000834616";"14"
"8499000834623";"17"
"8499000900007";"0"
"8499000900052";"95"
"8499000900069";"97"
"8499000900076";"75"
"8499000900113";"6"
"8499000900120";"10"
"8499000900144";"0"
"8499000900151";"35"
"8499000900168";"38"
"8499000900175";"94"
"8499000900199";"310"
"8499000900212";"52"
"8499000900236";"283"
"8499000900250";"16"
"8499000900441";"0"
"8499000900533";"15"
"8499000900540";"178"
"8499000900557";"4"
"8499000900595";"38"
"8499000900601";"44"
"8499000900618";"29"
"8499000900991";"22"
"8499000901004";"24"
"8499000901011";"31"
"8499000901028";"23"
"8499000901035";"26"
"8499000901172";"52"
"8499000901257";"37"
"8499000901271";"41"
"8499000901288";"10"
"8499000901318";"33"
"8499000901332";"281"
"8499000901349";"245"
"8499000901356";"95"
"8499000901363";"95"
"8499000901776";"15"
"8499000902155";"67"
"8499000902322";"53"
"8499000902346";"95"
"8499000902353";"181"
"8499000902360";"63"
"8499000902391";"86"
"8499000902421";"123"
"8499000902452";"55"
"8499000902469";"64"
"8499000902506";"118"
"8499000902513";"84"
"8499000902520";"175"
"8499000902605";"41"
"8499000902612";"16"
"8499000902841";"73"
"8499000902858";"65"
"8499000902902";"48"
"8499000902919";"14"
"8499000902971";"11"
"8499000902995";"18"
"8499000903008";"44"
"8499000903015";"31"
"8499000903060";"18"
"8499000903152";"19"
"8499000903329";"18"
"8499000903336";"222"
"8499000903343";"191"
"8499000903350";"29"
"8499000903367";"55"
"8499000903374";"23"
"8499000903381";"38"
"8499000903398";"85"
"8499000903411";"90"
"8499000903473";"50"
"8499000904029";"23"
"8499000904036";"19"
"8499000904043";"58"
"8499000904050";"46"
"8499000904067";"63"
"8499000904074";"112"
"8499000904111";"80"
"8499000904128";"160"
"8499000904135";"140"
"8499000904142";"0"
"8499000904166";"111"
"8499000904173";"28"
"8499000904180";"0"
"8499000904265";"0"
"8499000904340";"310"
"8499000904364";"325"
"8499000904371";"413"
"8499000904623";"10"
"8499000904678";"0"
"8499000904890";"3"
"8499000905781";"27"
"8499000905859";"26"
"8499000906528";"79"
"8499000906535";"254"
"8499000906542";"68"
"8499000906559";"148"
"8499000906580";"7"
"8499000906597";"1687"
"8499000906603";"281"
"8499000906610";"228"
"8499000906634";"32"
"8499000906641";"33"
"8499000906658";"16"
"8499000907754";"17"
"8499000907860";"100"
"8499000907877";"98"
"8499000907884";"97"
"8499000907907";"57"
"8499000907914";"14"
"8499000908096";"9"
"8499000908270";"204"
"8499000908522";"28"
"8499000909987";"15"
"8499000909994";"17"
"8499000910013";"21"
"8499000910020";"40"
"8499000910228";"40"
"8499000910983";"20"
"8499000911003";"4"
"8499000911027";"42"
"8499000911034";"86"
"8499000911058";"0"
"8499000911096";"3"
"8499000911140";"0"
"8499000911164";"24"
"8499000911553";"14"
"8499000911683";"38"
"8499000911706";"39"
"8499000911713";"8"
"8499000911737";"28"
"8499000912369";"181"
"8499000912376";"0"
"8499000912482";"13"
"8499000912505";"129"
"8499000912529";"7"
"8499000912536";"43"
"8499000912567";"92"
"8499000912659";"65"
"8499000912673";"22"
"8499000912741";"10"
"8499000912765";"20"
"8499000912772";"13"
"8499000912802";"46"
"8499000912819";"23"
"8499000912826";"32"
"8499000912833";"64"
"8499000912840";"40"
"8499000912857";"34"
"8499000914240";"100"
"8499000914257";"45"
"8499000916428";"70"
"8499000916459";"28"
"8499000916534";"16"
"8499000918149";"18"
"8499000918484";"51"
"8499000918637";"43"
"8499000918644";"28"
"8499000918958";"17"
"8499000919238";"14"
"8499000919269";"18"
"8499000919610";"47"
"8499000919627";"132"
"8499000922085";"29"
"8499000922191";"14"
"8499000922214";"0"
"8499000922221";"45"
"8499000922634";"32"
"8499000922658";"31"
"8499000922672";"12"
"8499000923679";"36"
"8499000923686";"31"
"8499000923693";"32"
"8499000923709";"76"
"8499000924560";"19"
"8499000924577";"84"
"8499000924591";"28"
"8499000924614";"34"
"8499000925550";"17"
"8499000925635";"101"
"8499000925703";"60"
"8499000925802";"32"
"8499000926137";"14"
"8499000926144";"74"
"8499000926304";"17"
"8499000926328";"14"
"8499000926335";"24"
"8499000926380";"15"
"8499000926403";"30"
"8499000926571";"14"
"8499000927202";"35"
"8499000929084";"120"
"8499000929190";"11"
"8499000930325";"365"
"8499000930332";"76"
"8499000930615";"24"
"8499000930622";"24"
"8499000930752";"79"
"8499000930776";"42"
"8499000930967";"28"
"8499000931476";"114"
"8499000931483";"382"
"8499000931544";"5"
"8499000931599";"32"
"8499000931827";"15"
"8499000931834";"42"
"8499000931841";"37"
"8499000932015";"96"
"8499000932022";"38"
"8499000932039";"83"
"8499000933197";"33"
"8499000933814";"32"
"8499000934293";"17"
"8499000935672";"29"
"8499000935689";"42"
"8499000937539";"44"
"8499000937546";"19"
"8499000937553";"46"
"8499000937584";"57"
"8499000937591";"73"
"8499000937607";"21"
"8499000937614";"139"
"8499000937621";"154"
"8499000937850";"16"
"8499000937867";"66"
"8499000937980";"19"
"8499000938130";"21"
"8499000938543";"31"
"8499000938567";"22"
"8499000938772";"24"
"8499000938802";"22"
"8499000938819";"14"
"8499000938833";"25"
"8499000938840";"20"
"8499000938857";"44"
"8499000938864";"38"
"8499000939960";"34"
"8499000939977";"93"
"8499000940027";"33"
"8499000940041";"33"
"8499000940744";"60"
"8499000940867";"20"
"8499000940898";"18"
"8499000940904";"20"
"8499000940928";"27"
"8499000941925";"109"
"8499000942267";"32"
"8499000942458";"57"
"8499000942465";"60"
"8499000942670";"29"
"8499000942977";"12"
"8499000942991";"24"
"8499000943004";"40"
"8499000943134";"18"
"8499000943165";"298"
"8499000943172";"441"
"8499000944513";"20"
"8499000944551";"17"
"8499000944568";"15"
"8499000944612";"65"
"8499000944704";"56"
"8499000944711";"31"
"8499000944759";"64"
"8499000944988";"54"
"8499000945008";"25"
"8499000945015";"47"
"8499000945022";"90"
"8499000945053";"30"
"8499000945060";"33"
"8499000945084";"44"
"8499000945107";"771"
"8499000946678";"4"
"8499000947071";"27"
"8499000947132";"28"
"8499000948634";"47"
"8499000948726";"25"
"8499000948733";"23"
"8499000948740";"22"
"8499000948764";"66"
"8499000948771";"22"
"8499000948818";"23"
"8499000948825";"11"
"8499000948832";"66"
"8499000948849";"22"
"8499000948863";"14"
"8499000948887";"110"
"8499000948917";"77"
"8499000948979";"32"
"8499000948986";"85"
"8499000948993";"46"
"8499000949006";"58"
"8499000949013";"36"
"8499000949020";"40"
"8499000949037";"21"
"8499000949044";"20"
"8499000949068";"50"
"8499000949075";"30"
"8499000949105";"12"
"8499000949112";"20"
"8499000949136";"34"
"8499000949150";"78"
"8499000949167";"17"
"8499000949181";"73"
"8499000949617";"123"
"8499000949655";"26"
"8499000949662";"32"
"8499000949679";"26"
"8499000949686";"25"
"8499000949709";"13"
"8499000949730";"20"
"8499000949747";"50"
"8499000949754";"18"
"8499000949907";"16"
"8499000949969";"23"
"8499000951160";"34"
"8499000951399";"0"
"8499000951566";"137"
"8499000951757";"17"
"8499000951931";"16"
"8499000952174";"90"
"8499000952198";"25"
"8499000952563";"74"
"8499000952693";"12"
"8499000952723";"68"
"8499000952730";"101"
"8499000953515";"49"
"8499000953522";"105"
"8499000953614";"233"
"8499000953652";"0"
"8499000956516";"61"
"8499000957575";"38"
"8499000957704";"30"
"8499000957711";"27"
"8499000957827";"4"
"8499000957834";"0"
"8499000957841";"0"
"8499000958206";"24"
"8499000959371";"17"
"8499000959494";"25"
"8499000959555";"29"
"8499000959586";"37"
"8499000960773";"14"
"8499000960780";"52"
"8499000960803";"14"
"8499000960865";"28"
"8499000961213";"15"
"8499000961220";"57"
"8499000961251";"17"
"8499000961275";"25"
"8499000961282";"35"
"8499000961305";"12"
"8499000961312";"23"
"8499000961343";"55"
"8499000961374";"23"
"8499000961398";"18"
"8499000961404";"28"
"8499000961855";"12"
"8499000961862";"15"
"8499000961886";"38"
"8499000961930";"62"
"8499000961961";"42"
"8499000962036";"127"
"8499000962135";"12"
"8499000962159";"33"
"8499000962166";"20"
"8499000963019";"22"
"8499000965075";"4"
"8499000965082";"0"
"8499000965112";"108"
"8499000965129";"133"
"8499000965136";"48"
"8499000965549";"17"
"8499000965556";"0"
"8499000965563";"14"
"8499000965679";"7"
"8499000965693";"16"
"8499000966072";"14"
"8499000967277";"85"
"8499000967826";"26"
"8499000969646";"10"
"8499000969844";"10"
"8499000970154";"44"
"8499000970390";"28"
"8499000970550";"11"
"8499000970567";"9"
"8499000970574";"23"
"8499000970598";"87"
"8499000970611";"77"
"8499000970659";"23"
"8499000970666";"173"
"8499000970680";"24"
"8499000970697";"70"
"8499000970703";"72"
"8499000970758";"22"
"8499000970765";"66"
"8499000970772";"21"
"8499000971496";"50"
"8499000971526";"55"
"8499000971533";"43"
"8499000971540";"24"
"8499000971557";"49"
"8499000971564";"27"
"8499000971571";"54"
"8499000971816";"14"
"8499000971892";"54"
"8499000971908";"21"
"8499000971953";"23"
"8499000971960";"17"
"8499000971984";"44"
"8499000971991";"38"
"8499000972004";"26"
"8499000972844";"59"
"8499000972875";"9"
"8499000973551";"178"
"8499000973568";"4"
"8499000973575";"77"
"8499000973582";"164"
"8499000973636";"84"
"8499000973674";"20"
"8499000973681";"34"
"8499000973698";"44"
"8499000973704";"64"
"8499000973711";"27"
"8499000973728";"8"
"8499000973797";"8"
"8499000973803";"17"
"8499000973834";"34"
"8499000973841";"49"
"8499000973858";"23"
"8499000973889";"14"
"8499000973902";"54"
"8499000974923";"37"
"8499000975029";"69"
"8499000975081";"70"
"8499000975098";"37"
"8499000975104";"190"
"8499000975111";"73"
"8499000975128";"84"
"8499000975135";"101"
"8499000975159";"77"
"8499000975166";"142"
"8499000975173";"81"
"8499000975180";"93"
"8499000975197";"91"
"8499000975340";"14"
"8499000975357";"34"
"8499000975364";"23"
"8499000975401";"47"
"8499000975456";"8"
"8499000975562";"32"
"8499000975586";"33"
"8499000975593";"56"
"8499000975609";"31"
"8499000975661";"65"
"8499000975883";"30"
"8499000975890";"26"
"8499000975906";"15"
"8499000976347";"49"
"8499000976354";"47"
"8499000977290";"38"
"8499000977306";"47"
"8499000977320";"34"
"8499000977337";"96"
"8499000977351";"93"
"8499000977429";"49"
"8499000977436";"83"
"8499000977474";"38"
"8499000977481";"31"
"8499000977566";"21"
"8499000977580";"38"
"8499000977603";"67"
"8499000977627";"6"
"8499000977634";"18"
"8499000977870";"0"
"8499000977900";"5"
"8499000977979";"63"
"8499000977986";"161"
"8499000978594";"35"
"8499000978600";"86"
"8499000978617";"124"
"8499000979102";"70"
"8499000979904";"0"
"8499000979928";"22"
"8499000981051";"19"
"8499000981112";"174"
"8499000981129";"512"
"8499000982508";"21"
"8499000982522";"3"
"8499000982560";"18"
"8499000983055";"22"
"8499000983062";"9"
"8499000983079";"20"
"8499000983109";"8"
"8499000983116";"21"
"8499000983123";"22"
"8499000983130";"33"
"8499000983154";"25"
"8499000983215";"10"
"8499000983628";"22"
"8499000983635";"65"
"8499000983642";"43"
"8499000984076";"64"
"8499000984090";"51"
"8499000984366";"37"
"8499000985233";"60"
"8499000985240";"93"
"8499000985264";"493"
"8499000985516";"0"
"8499000985790";"163"
"8499000985806";"104"
"8499000985837";"60"
"8499000985844";"45"
"8499000985851";"46"
"8499000985875";"59"
"8499000985912";"54"
"8499000985929";"43"
"8499000986179";"42"
"8499000986216";"28"
"8499000986230";"57"
"8499000986254";"125"
"8499000986261";"148"
"8499000987831";"5"
"8499000991456";"44"
"8499000991463";"21"
"8499000992279";"11"
"8499000992385";"193"
"8499000992392";"128"
"8499000992415";"98"
"8499000992446";"22"
"8499000992453";"35"
"8499000992460";"58"
"8499000992477";"15"
"8499000992484";"29"
"8499000992491";"70"
"8499000992507";"86"
"8499000992514";"27"
"8499000992521";"48"
"8499000992545";"50"
"8499000992859";"19"
"8499000992958";"46"
"8499000992965";"29"
"8499000992996";"43"
"8499000993016";"20"
"8499000994310";"81"
"8499000994495";"0"
"8499000994501";"0"
"8499000994914";"58"
"8499000995010";"57"
"8499000995027";"40"
"8499000995065";"31"
"8499000995072";"26"
"8499000995102";"39"
"8499000995119";"31"
"8499000995140";"23"
"8499000995553";"24"
"8499000995584";"0"
"8499000995621";"23"
"8499000995638";"10"
"8499000995782";"9"
"8499000995843";"55"
"8499000995850";"66"
"8499000995867";"75"
"8499000995928";"25"
"8499000995935";"25"
"8499000996017";"11"
"8499000996024";"33"
"8499000996031";"22"
"8499000996062";"26"
"8499000996093";"14"
"8499000996109";"28"
"8499000996116";"41"
"8499000996123";"27"
"8499000996635";"30"
"8499000996642";"48"
"8499000997564";"12"
"8499000997854";"30"
"8499000997861";"33"
"8499000997922";"63"
"8499000997977";"51"
"8499000997984";"68"
"8499000998110";"13"
"8499000998134";"19"
"8499000999377";"0"
"8499000999810";"14"
"8499000999995";"0"
